<?xml version="1.0"?>
<recovery>
		<resources>
		<image name="btn_raised" filename="Light/Controls/btn_raised"/>
		<image name="btn_flat_qw" filename="Light/Controls/btn_flat_qw"/>
		<image name="switch_off" filename="Light/Controls/switch_off" retainaspect="1"/>
		<image name="switch_on" filename="Light/Controls/switch_on" retainaspect="1"/>

		<!-- Battery -->
		<image name="battery100" filename="Light/Battery/battery100" retainaspect="1"/>
		<image name="battery75" filename="Light/Battery/battery75" retainaspect="1"/>
		<image name="battery50" filename="Light/Battery/battery50" retainaspect="1"/>
		<image name="battery25" filename="Light/Battery/battery25" retainaspect="1"/>
		<image name="battery15_good" filename="Light/Battery/battery15_good" retainaspect="1"/>
		<!-- Pie-->
		<image name="battery_p" filename="Light/Battery/battery_p" retainaspect="1"/>
		<image name="battery_charge" filename="Light/Battery/battery_charge" retainaspect="1"/>
		
		<!-- Fullscreen Icons -->
		<image name="usb" filename="Light/FullscreenIcons/usb" retainaspect="1"/>
		<image name="unlock_icon" filename="Light/FullscreenIcons/unlock_icon" retainaspect="1"/>
		
		<!-- Keyboard -->
		<image name="keyback" filename="Light/Keyboard/key_butts"/>
		<image name="keyback_num" filename="Light/Keyboard/key_num"/>
		
		<!-- Progress -->
		<animation name="progress" filename="Light/Progress/indeterminate"/>
		<image name="progress_empty" filename="Light/Progress/progress_empty"/>
		<image name="progress_fill" filename="Light/Progress/progress_fill"/>
		<image name="progress_empty_small" filename="Light/Progress/progress_empty_small"/>
		
		<!-- Controls -->
		<image name="slider_classic" filename="Light/Controls/slider_classic" retainaspect="1"/>
		
		<!-- Dialogs -->
		<image name="arrow" filename="Light/Dialog/arrow"/>
		<image name="arrow_d" filename="Light/Dialog/arrow_d"/>
		<image name="snackbar" filename="Light/Dialog/snackbar"/>
		<image name="dialog_bg" filename="Light/Dialog/dialog_bg"/>
		<image name="menu_sort" filename="Light/Dialog/menu_sort"/>
		<image name="sort_select" filename="Default/FAB/accept"/>
		<image name="fm_sort" filename="Light/Dialog/fm_sort"/>
		
		<!-- ota -->
		<image name="ota_icon" filename="Light/FullscreenIcons/ota_icon" retainaspect="1"/>
		<image name="progress_fill_small" filename="Light/Progress/progress_fill_small"/>

		<!-- Accents -->
		<image name="accent_black" filename="Light/Workshop/accent_black" retainaspect="1"/>
		<image name="accent_fox" filename="Light/Workshop/accent_fox" retainaspect="1"/>
		<image name="accent_google" filename="Light/Workshop/accent_google" retainaspect="1"/>
		<image name="accent_cinnamon" filename="Light/Workshop/accent_cinnamon" retainaspect="1"/>
		<image name="accent_ocean" filename="Light/Workshop/accent_ocean" retainaspect="1"/>
		<image name="accent_orchid" filename="Light/Workshop/accent_orchid" retainaspect="1"/>
		<image name="accent_purple" filename="Light/Workshop/accent_purple" retainaspect="1"/>
		<image name="accent_lollipop" filename="Light/Workshop/accent_lollipop" retainaspect="1"/>
		<image name="accent_space" filename="Light/Workshop/accent_space" retainaspect="1"/>
		<image name="accent_red" filename="Light/Workshop/accent_red" retainaspect="1"/>
		<image name="accent_green" filename="Light/Workshop/accent_green" retainaspect="1"/>
		<image name="accent_yellow" filename="Light/Workshop/accent_yellow" retainaspect="1"/>
		<image name="accent_apply" filename="Default/Workshop/style_apply" retainaspect="1"/>
		
		<image name="fab_accept" filename="Light/FAB/accept" retainaspect="1"/>
		<image name="fab_close" filename="Light/FAB/close" retainaspect="1"/>
		<image name="fab_add" filename="Light/FAB/add" retainaspect="1"/>
		<image name="fab_usb" filename="Light/FAB/usb" retainaspect="1"/>
		<image name="fab_credits" filename="Light/FAB/credits" retainaspect="1"/>
		
		<!-- File Manager -->
		<image name="folder_icon" filename="Light/FileManager/folder" retainaspect="1"/>
		<image name="folder_icon_small" filename="Light/FileManager/folder_small" retainaspect="1"/>
		<image name="up_icon" filename="Light/FileManager/up" retainaspect="1"/>
		<image name="up_icon_small" filename="Light/FileManager/up_small" retainaspect="1"/>
		<image name="module_icon_small" filename="Light/FileManager/module_small" retainaspect="1"/>
		<image name="module_icon" filename="Light/FileManager/module" retainaspect="1"/>
		<image name="file_icon_small" filename="Light/FileManager/file_small" retainaspect="1"/>
		<image name="file_icon" filename="Light/FileManager/file" retainaspect="1"/>
		<image name="bkp_icon_small" filename="Light/FileManager/file_bkp_small" retainaspect="1"/>
		<image name="bkp_icon" filename="Light/FileManager/file_bkp" retainaspect="1"/>
		<image name="zip_icon_small" filename="Light/FileManager/zip_small" retainaspect="1"/>
		<image name="zip_icon" filename="Light/FileManager/zip" retainaspect="1"/>
		<image name="img_icon_small" filename="Light/FileManager/img_small" retainaspect="1"/>
		<image name="img_icon" filename="Light/FileManager/img" retainaspect="1"/>
		<image name="txt_icon_small" filename="Light/FileManager/txt_small" retainaspect="1"/>
		<image name="txt_icon" filename="Light/FileManager/txt" retainaspect="1"/>
		<image name="png_icon_small" filename="Light/FileManager/png_small" retainaspect="1"/>
		<image name="png_icon" filename="Light/FileManager/png" retainaspect="1"/>
		<image name="block_icon_small" filename="Light/FileManager/block_small" retainaspect="1"/>
		<image name="block_icon" filename="Light/FileManager/block" retainaspect="1"/>
		<image name="link_icon_small" filename="Light/FileManager/link_small" retainaspect="1"/>
		<image name="link_icon" filename="Light/FileManager/link" retainaspect="1"/>
		
		<image name="search_bar" filename="Light/Controls/search" retainaspect="1"/>
		<image name="power_card" filename="Light/Controls/power_card" retainaspect="1"/>
		<image name="reboot_sys" filename="Light/Icons/reboot_sys" retainaspect="1"/>
		<image name="reboot_power" filename="Light/Icons/reboot_power" retainaspect="1"/>
		<image name="reboot_recovery" filename="Light/Icons/reboot_recovery" retainaspect="1"/>
	</resources>
	<variables>
		<variable name="background" value="#ffffff"/>
		
		<variable name="power_hl" value="#E9E9E944"/>
		<variable name="power_bg" value="#ffffff"/>
		<variable name="highlight_color" value="#ffffff66"/>
		<variable name="highlight_color_full" value="#E9E9E944"/>
		<variable name="text" value="#202124"/>
		<variable name="text_action" value="#202124"/>
		<variable name="text_status" value="#5F6368"/>
		<variable name="text_menu" value="#202124"/>
		<variable name="text_light" value="#202124"/>
		<variable name="text_hl_btn" value="#FFFFFF"/>
		<variable name="linecolor" value="#5F636844"/>
		<variable name="darktransparent" value="#ffffffBB"/>
		<variable name="theme_style" value="Light"/>
		<variable name="theme_style_act" value="Black"/>
		
		<variable name="status_solid_bg" value="#F0F0F0"/>
		<variable name="title_solid_bg" value="#FAFAFA"/>
		
		<variable name="keyboard_bg" value="#E8EAED"/>
		<variable name="keyboard_dark_bg" value="#DBDDE0"/>
		<variable name="keyboard_hl" value="#E8EAED66"/>
	</variables>
</recovery>