<?xml version="1.0"?>
<recovery>
	<resources>
		<image name="actionbar_back" filename="DFox/ActionBar/back" retainaspect="1"/>
		<image name="actionbar_cancel" filename="DFox/ActionBar/cancel" retainaspect="1"/>
		<image name="actionbar_delete" filename="DFox/ActionBar/delete" retainaspect="1"/>
		<image name="actionbar_edit" filename="DFox/ActionBar/edit" retainaspect="1"/>
		<image name="actionbar_encr_dis" filename="DFox/ActionBar/encr_dis" retainaspect="1"/>
		<image name="actionbar_encr_ena" filename="DFox/ActionBar/encr_ena" retainaspect="1"/>
		<image name="actionbar_flash" filename="DFox/ActionBar/flash" retainaspect="1"/>
		<image name="actionbar_flash_on" filename="DFox/ActionBar/flash_on" retainaspect="1"/>
		<image name="actionbar_reset" filename="DFox/ActionBar/reset" retainaspect="1"/>
		<image name="actionbar_settings" filename="DFox/ActionBar/settings" retainaspect="1"/>
		<image name="actionbar_sort" filename="DFox/ActionBar/sort" retainaspect="1"/>
		<image name="actionbar_power_off" filename="DFox/ActionBar/power_off" retainaspect="1"/>
		<image name="actionbar_storage" filename="DFox/ActionBar/storage" retainaspect="1"/>
		<image name="actionbar_search" filename="DFox/ActionBar/search" retainaspect="1"/>
		<image name="actionbar_menu" filename="DFox/ActionBar/menu" retainaspect="1"/>
	</resources>
	<variables>
		<variable name="actbar_color" value="%accent%"/>
		<variable name="theme_pie" value="1"/>
	</variables>
</recovery>