<?xml version="1.0"?>
<recovery>
	<resources>
		<!-- Controls -->
		<image name="radio_true" filename="#ACCENT#/Controls/radio_true_d" retainaspect="1"/>
		<image name="checkbox_true" filename="#ACCENT#/Controls/checkbox_true_d" retainaspect="1"/>
		<image name="slider_used" filename="#ACCENT#/Controls/slider_used"/>
		<image name="handle" filename="#ACCENT#/Controls/handle" retainaspect="1"/>
		<image name="handle_h" filename="#ACCENT#/Controls/handle_h" retainaspect="1"/>
		<image name="handle_h_classic" filename="#ACCENT#/Controls/handle_h_classic" retainaspect="1"/>
		<image name="btn_raised_hl" filename="#ACCENT#/Controls/btn_raised_hl"/>
		<image name="tab_hl" filename="#ACCENT#/Controls/tab"/>

		<!-- Nav panel -->
		<image name="nav_menu" filename="#ACCENT#/NavPanel/menu" retainaspect="1"/>
		<image name="nav_wipe" filename="#ACCENT#/NavPanel/wipe" retainaspect="1"/>
		<image name="nav_files" filename="#ACCENT#/NavPanel/files" retainaspect="1"/>
		<image name="nav_backup" filename="#ACCENT#/NavPanel/backup" retainaspect="1"/>
		
		<!-- FAB -->
		<image name="fab" filename="#ACCENT#/FAB/fab" retainaspect="1"/>
		<image name="fab_hl" filename="#ACCENT#/FAB/fab_hl" retainaspect="1"/>
		
		<!-- Info -->
		<image name="icon_info" filename="#ACCENT#/Info/icon_info" retainaspect="1"/>
		
		<!-- Keyboard -->
		<image name="enter" filename="#ACCENT#/Keyboard/enter" retainaspect="1"/>
		<image name="enter_new" filename="#ACCENT#/Keyboard/enter_new" retainaspect="1"/>
		<image name="enter_num_new" filename="#ACCENT#/Keyboard/enter_num_new" retainaspect="1"/>

		<!-- Nav Bar -->
		<image name="home" filename="#ACCENT#/NavBar/home" retainaspect="1"/>
		<image name="back" filename="#ACCENT#/NavBar/back" retainaspect="1"/>
		<image name="slideout" filename="#ACCENT#/NavBar/slideout" retainaspect="1"/>
		<image name="keyboard_hide" filename="#ACCENT#/NavBar/keyboard_hide" retainaspect="1"/>
		<image name="home_ng" filename="#ACCENT#/NavBar/home_ng" retainaspect="1"/>
		<image name="back_ng" filename="#ACCENT#/NavBar/back_ng" retainaspect="1"/>
		<image name="slideout_ng" filename="#ACCENT#/NavBar/slideout_ng" retainaspect="1"/>
		<image name="keyboard_hide_ng" filename="#ACCENT#/NavBar/keyboard_hide_ng" retainaspect="1"/>
		<image name="back_pie" filename="#ACCENT#/NavBar/back_pie" retainaspect="1"/>
		<image name="back_key_pie" filename="#ACCENT#/NavBar/back_key_pie" retainaspect="1"/>
		<image name="home_pie" filename="#ACCENT#/NavBar/home_pie" retainaspect="1"/>
		<image name="slideout_key_pie" filename="#ACCENT#/NavBar/slideout_key_pie" retainaspect="1"/>
	</resources>
	<variables>
		<variable name="accent" value="#COLOR#"/>
		<variable name="theme_accent_light" value="#COLOR_LIGHT#"/>
		<variable name="theme_accent_dark" value="#COLOR_DARK#"/>
		<variable name="theme_accent" value="#ACCENT_NAME#"/>
	</variables>
</recovery>