<?xml version="1.0"?>
<recovery>
	<pages>
		<page name="advanced">
			<action>
				<action function="set">nav_panel_id=3</action>
				<action function="set">utils_show=%auto_show_btns%</action>
				<action function="set">aroma_help=0</action>
			</action>

			<listbox style="btn_list">
				<placement x="0" y="%ab_h%" w="%screen_w%" h="%files_np_w%"/>
				<listitem name="{@try_app}">
					<condition var1="of_hide_app_hint" op="!=" var2="1"/>
					<icon res="info"/>
					<action function="overlay">dialog_app</action>
				</listitem>
				<listitem name="{@decrypt_data_btn}">
					<condition var1="tw_is_fbe" op="!=" var2="1"/>
					<condition var1="tw_is_encrypted" var2="1"/>
					<condition var1="tw_is_decrypted" var2="0"/>
					<icon res="bs_adv_frp"/>
					<action function="set">tw_crypto_user_id=0</action>
					<action function="set">tw_crypto_password=</action>
					<action function="set">tw_password_fail=0</action>
					<action function="set">tw_crypto_pwtype=%tw_crypto_pwtype_0%</action>
					<action function="set">of_decrypt_from_menu=1</action>
					<action function="page">decrypt</action>
				</listitem>
				<listitem name="{@decrypt_users}">
					<condition var1="tw_is_fbe" var2="1"/>
					<condition var1="tw_all_users_decrypted" var2="0"/>
					<icon res="bs_adv_frp"/>
					<action function="page">decrypt_users</action>
				</listitem>
				<listitem name="{@hint_ffiles_missing}">
					<condition var1="of_hide_data_hint" op="!=" var2="1"/>
					<condition var1="fileexists" op="!=" var2="/sdcard/Fox/FoxFiles"/>
					<icon res="help"/>
					<action function="overlay">dialog_lost_info</action>
				</listitem>
				<listitem name="{@mount_hdr}">
					<icon res="bs_adv_mount"/>
					<action function="page">mount</action>
				</listitem>
				<listitem name="{@part_menu_hdr}">
					<icon res="harddisk"/>
					<action function="page">part_options</action>
				</listitem>
				<listitem name="Magisk Manager"><condition var1="no_magisk" op="!=" var2="1"/>
					<icon res="magisk"/>
					<action function="set">ftls_running=1</action>
					<action function="set">ft_mm_found=0</action>
					<action function="page">magisk_mount</action>
				</listitem>
				<listitem name="{@adb_sideload_btn}">
					<icon res="bs_adv_adb"/>
					<action function="set">fox_adb=0</action>
					<action function="ftls">ps -eo 'comm' | grep adbd &amp;&amp; twrp xset fox_adb=1</action>
					<action function="page">sideload</action>
				</listitem>
				<listitem name="{@fox_modules_hdr}">
					<!--condition var1="fileexists" var2="/data/media/0"/-->
					<condition var1="fileexists" var2="/FFiles/OF_reset/OF_reset.zip"/>
					<icon res="bs_btn_archive"/>
					<action function="page">fox_modules</action>
				</listitem>
				<listitem name="{@custom_settings}">
					<condition var1="fileexists" var2="/sbin/maintainer.xml"/>
					<icon res="maintainer"/>
					<action function="page">maintainer</action>
				</listitem>
				<listitem name="{@reboot_btn}">
					<icon res="bs_adv_reboot"/>
					<action function="set">tw_back=advanced</action>
					<action function="overlay">reboot</action>
				</listitem>
				<listitem name="{@more}">
					<condition var1="utils_show" op="!=" var2="1"/>
					<icon res="utils"/>
					<action function="set">utils_show=1</action>
				</listitem>
				<listitem name="{@hide}">
					<condition var1="utils_show" var2="1"/>
					<condition var1="auto_show_btns" op="!=" var2="1"/>
					<icon res="hide"/>
					<action function="page">advanced</action>
				</listitem>
				<listitem name="{@terminal_btn}">
					<condition var1="utils_show" var2="1"/>
					<icon res="bs_adv_term"/>
					<action function="page">terminal</action>
				</listitem>
				<listitem name="{@copy_log_btn}">
					<condition var1="utils_show" var2="1"/>
					<icon res="bs_adv_log"/>
					<action function="set">tw_back=advanced</action>
					<action function="set">tw_action=copylog</action>
					<action function="set">tw_text1={@copy_log_confirm}</action>
					<action function="set">tw_action_text1={@copy_log_btn}</action>
					<action function="set">tw_action_text2={@copying_log}</action>
					<action function="set">tw_complete_text1={@copy_log_complete}</action>
					<action function="set">tw_slider_text={@swipe_to_confirm}</action>
					<action function="page">confirm_action</action>
				</listitem>
				<listitem name="{@fix_contexts_hdr}">
					<condition var1="utils_show" var2="1"/>
					<condition var1="tw_has_data_media" var2="1"/>
					<icon res="bs_adv_se"/>
					<action function="page">fixcontexts</action>
				</listitem>
				<listitem name="{@inject_twrp_btn}">
					<condition var1="utils_show" var2="1"/>
					<condition var1="tw_has_injecttwrp" var2="1"/>
					<icon res="bs_adv_se"/>
					<action function="set">tw_back=advanced</action>
					<action function="set">tw_action=reinjecttwrp</action>
					<action function="set">tw_text1={@inject_twrp_confirm}</action>
					<action function="set">tw_action_text1={@injecting_twrp}</action>
					<action function="set">tw_complete_text1={@inject_twrp_complete}</action>
					<action function="set">tw_slider_text={@swipe_to_confirm}</action>
					<action function="page">confirm_action</action>
				</listitem>
				<listitem name="{@fix_recovery_loop}">
					<icon res="bs_adv_se"/>
					<condition var1="utils_show" var2="1"/>
					<condition var1="tw_has_boot_slots" var2="1"/>
					<condition var1="tw_has_repack_tools" var2="1"/>
					<condition var1="tw_uses_initramfs" var2="1"/>
					<action function="set">tw_back=advanced</action>
					<action function="set">tw_action=fixabrecoverybootloop</action>
					<action function="set">tw_text1={@fix_recovery_loop}</action>
					<action function="set">tw_action_text1={@fixing_recovery_loop}</action>
					<action function="set">tw_complete_text1={@fix_recovery_loop_complete}</action>
					<action function="set">tw_slider_text={@swipe_to_confirm}</action>
					<action function="page">confirm_action</action>
				</listitem>
				<listitem name="{@reflash_twrp}">
					<icon res="bs_adv_se"/>
					<condition var1="fox_branch" op="&gt;=" var2="11"/>
					<!--condition var1="fox_vab_device" var2="1"/-->
					<condition var1="utils_show" var2="1"/>
					<condition var1="tw_has_boot_slots" var2="1"/>
					<condition var1="tw_has_repack_tools" var2="1"/>
					<condition var1="fox_disable_reflash_current" op="!=" var2="1"/>
					<action function="set">tw_repack_kernel=0</action>
					<action function="set">tw_back=advanced</action>
					<action function="set">tw_action=reflashtwrp</action>
					<action function="set">tw_text1={@reflash_twrp}</action>
					<action function="set">tw_action_text1={@reflashing_twrp}</action>
					<action function="set">tw_complete_text1={@reflash_twrp_complete}</action>
					<action function="set">tw_slider_text={@swipe_to_confirm}</action>
					<action function="page">confirm_action</action>
				</listitem>
				<listitem name="{@merges_snapshots}">
					<icon res="bs_adv_se"/>
					<condition var1="fox_branch" op="&gt;=" var2="11"/>
					<condition var1="fox_vab_device" var2="1"/>
					<condition var1="utils_show" var2="1"/>
					<action function="set">tw_back=advanced</action>
					<action function="set">tw_action=mergesnapshots</action>
					<action function="set">tw_text1={@merges_snapshots}</action>
					<action function="set">tw_action_text1={@merging_snapshots}</action>
					<action function="set">tw_complete_text1={@merging_snapshots_complete}</action>
					<action function="set">tw_slider_text={@swipe_to_confirm}</action>
					<action function="page">confirm_action</action>
				</listitem>
				<listitem name="{@unmap_super_devices}">
					<icon res="bs_adv_se"/>
					<condition var1="fox_branch" op="&gt;=" var2="11"/>
					<!--condition var1="fox_vab_device" var2="1"/ -->
					<condition var1="fox_dynamic_device" var2="1"/>
					<condition var1="utils_show" var2="1"/>
					<action function="set">tw_back=advanced</action>
					<action function="set">tw_action=unmapsuperdevices</action>
					<action function="set">tw_text1={@unmap_super_devices}</action>
					<action function="set">tw_action_text1={@unmapping_super_devices}</action>
					<action function="set">tw_complete_text1={@unmap_super_devices_complete}</action>
					<action function="set">tw_slider_text={@swipe_to_confirm}</action>
					<action function="page">confirm_action</action>
				</listitem>
				<!-- cram the appmgr items onto no more than 2 lines, so as to not break existing scripts-->
				<listitem name="{@appmgr_title}">
					<condition var1="enable_app_manager" var2="1"/> <condition var1="utils_show" var2="1"/>
					<icon res="apps"/> <action function="page">apps_load</action>
				</listitem>
				<listitem name="AromaFM">
					<condition var1="utils_show" var2="1"/>
					<condition var1="aroma_help" op="!=" var2="1"/>
					<condition var1="fileexists" var2="/sdcard/Fox/FoxFiles/AromaFM/AromaFM.zip"/>
					<icon res="bs_adv_aroma"/>
					<action function="set">aroma_help=1</action>
				</listitem>
				<listitem name="{@aroma_help}">
					<condition var1="utils_show" var2="1"/>
					<condition var1="aroma_help" var2="1"/>
					<icon res="bs_adv_aroma"/>
					<action function="queueclear"/>
					<action function="set">fox_install_built_in_zip=1</action>
					<action function="set">tw_signed_zip_verify_tmp=%tw_signed_zip_verify%</action>
					<action function="set">tw_signed_zip_verify=0</action>
					<action function="set">fox_inject_after_zip_tmp=%fox_inject_after_zip%</action>
					<action function="set">fox_inject_after_zip=0</action>
					<action function="set">tw_screen_timeout_temp=%tw_screen_timeout_secs%</action>
					<action function="set">tw_screen_timeout_secs=0</action>
					<action function="set">tw_filename=/sdcard/Fox/FoxFiles/AromaFM/AromaFM.zip</action>
					<action function="set">qcount_temp=1</action>
					<action function="queuezip"/>
					<action function="flash">aroma_busy</action>
				</listitem>
			</listbox>

			<template name="base_nav"/>

			<button style="actionbar">
				<placement x="%ab_btn1_x%" y="%ab_y%" placement="4"/>
				<action function="page">settings</action>
			</button>

			<image>
				<placement x="%ab_btn1_x%" y="%ab_y%" placement="4"/>
				<image resource="actionbar_settings"/>
			</image>

			<button style="actionbar">
				<condition var1="of_flashlight_enable" var2="1"/>
				<placement x="%ab_back_x%" y="%ab_y%" placement="4"/>
				<action function="flashlight"/>
			</button>

			<image>
				<condition var1="of_flashlight_enable" var2="1"/>
				<condition var1="of_flash_on" op="!=" var2="1"/>
				<placement x="%ab_back_x%" y="%ab_y%" placement="4"/>
				<image resource="actionbar_flash"/>
			</image>

			<image>
				<condition var1="of_flashlight_enable" var2="1"/>
				<condition var1="of_flash_on" var2="1"/>
				<placement x="%ab_back_x%" y="%ab_y%" placement="4"/>
				<image resource="actionbar_flash_on"/>
			</image>

			<button style="actionbar">
				<condition var1="of_flashlight_enable" var2="1"/>
				<condition var1="fox_use_pass" var2="1"/>
				<placement x="%ab_btn2_x%" y="%ab_y%" placement="4"/>
				<action function="set">pass_open=0</action>
				<action function="page">main</action>
			</button>

			<image>
				<condition var1="of_flashlight_enable" var2="1"/>
				<condition var1="fox_use_pass" var2="1"/>
				<placement x="%ab_btn2_x%" y="%ab_y%" placement="4"/>
				<image resource="actionbar_encr_ena"/>
			</image>

			<text style="text_ab_title">
				<placement x="%center_x%" y="%ab_bc_double_u_y%" placement="5"/>
				<text>OrangeFox</text>
			</text>

			<text style="text_ab_subtitle">
				<placement x="%center_x%" y="%ab_bc_double_d_y%" placement="5"/>
				<text>Recovery</text>
			</text>
			
			<template name="gestures_basic"/>

			<action>
				<touch key="home"/>
				<action function="page">advanced</action>
			</action>

			<action>
				<touch key="back"/>
				<action function="page">advanced</action>
			</action>
		</page>

		<page name="mod_survival">
			<action>
				<action function="queueclear"/>
				<action function="set">fox_m_author=DarthJabba9</action>
				<action function="set">fox_m_name={@module_remove_survival}</action>
				<action function="set">tw_file=OF_Del_Survival.zip</action>
				<action function="set">tw_filename=/FFiles/OF_Del_Survival/OF_Del_Survival.zip</action>
				<action function="set">tw_filecheck=%tw_filename%</action>
				<action function="set">tw_zip_location=/FFiles/OF_Del_Survival</action>
				<action function="queuezip"/>
				<action function="set">tw_notexistpage=fox_modules_confirm</action>
				<action function="set">tw_existpage=fox_modules_confirm</action>
				<action function="page">filecheck</action>
			</action>
		</page>

		<page name="mod_magisk">
			<action>
				<action function="queueclear"/>
				<action function="set">fox_m_author=topjohnwu</action>
				<action function="set">fox_m_name={@module_install} Magisk %magisk_ver%</action>
				<action function="set">tw_file=%fox_magisk_zip_installer%</action>
				<action function="set">tw_filename=/sdcard/Fox/FoxFiles/%fox_magisk_zip_installer%</action>
				<action function="set">tw_filecheck=%tw_filename%</action>
				<action function="set">tw_zip_location=/sdcard/Fox/FoxFiles</action>
				<action function="queuezip"/>
				<action function="set">tw_notexistpage=fox_modules_confirm</action>
				<action function="set">tw_existpage=fox_modules_confirm</action>
				<action function="page">filecheck</action>
			</action>
		</page>

		<page name="mod_unmagisk">
			<action>
				<action function="queueclear"/>
				<action function="set">fox_m_author=topjohnwu</action>
				<action function="set">fox_m_name={@module_uninstall} Magisk</action>
				<action function="set">tw_file=%fox_magisk_uninstaller%</action>
				<action function="set">tw_filename=/sdcard/Fox/FoxFiles/%fox_magisk_uninstaller%</action>
				<action function="set">tw_filecheck=%tw_filename%</action>
				<action function="set">tw_zip_location=/sdcard/Fox/FoxFiles</action>
				<action function="queuezip"/>
				<action function="set">tw_notexistpage=fox_modules_confirm</action>
				<action function="set">tw_existpage=fox_modules_confirm</action>
				<action function="page">filecheck</action>
			</action>
		</page>

		<page name="mod_reset">
			<action>
				<action function="queueclear"/>
				<action function="set">fox_m_author=DarthJabba9</action>
				<action function="set">fox_m_name=OrangeFox: {@dialog_reset_theme_hdr}</action>
				<action function="set">tw_file=OF_reset.zip</action>
				<action function="set">tw_filename=/FFiles/OF_reset/OF_reset.zip</action>
				<action function="set">tw_filecheck=%tw_filename%</action>
				<action function="set">tw_zip_location=/FFiles/OF_reset</action>
				<action function="queuezip"/>
				<action function="set">tw_notexistpage=fox_modules_confirm</action>
				<action function="set">tw_existpage=fox_modules_confirm</action>
				<action function="page">filecheck</action>
			</action>
		</page>


		<page name="mod_pass">
			<action>
				<action function="queueclear"/>
				<action function="set">fox_m_author=DarthJabba9</action>
				<action function="set">fox_m_name={@module_pass}</action>
				<action function="set">tw_file=OF_DelPass.zip</action>
				<action function="set">tw_filename=/FFiles/OF_DelPass/OF_DelPass.zip</action>
				<action function="set">tw_filecheck=%tw_filename%</action>
				<action function="set">tw_zip_location=/FFiles/OF_DelPass</action>
				<action function="queuezip"/>
				<action function="set">tw_notexistpage=fox_modules_confirm</action>
				<action function="set">tw_existpage=fox_modules_confirm</action>
				<action function="page">filecheck</action>
			</action>
		</page>

		<page name="fox_modules">
			<action>
				<action function="set">install_back=fox_modules</action>
			</action>

			<!-- fox_modules_confirm located in install.xml -->

			<text style="caption">
				<!--condition var1="no_magisk" op="!=" var2="1"/-->
				<placement x="%col1_x_caption%" y="%row1_1_y%"/>
				<text>Magisk</text>
			</text>

			<listbox style="btn_list">
				<!--condition var1="no_magisk" op="!=" var2="1"/-->
				<placement x="0" y="%row1_2_y%" w="%screen_w%" h="%bl_h2%"/>
				<listitem name="{@module_install} Magisk %magisk_ver%">
					<icon res="bs_btn_archive"/>
					<action function="page">mod_magisk</action>
				</listitem>
				<listitem name="{@module_uninstall} Magisk">
					<icon res="bs_btn_archive"/>
					<action function="page">mod_unmagisk</action>
				</listitem>
			</listbox>

			<text style="caption">
				<placement x="%col1_x_caption%" y="%row3_1a_y%"/>
				<text>{@cust_oth}</text>
			</text>

			<listbox style="btn_list">
				<placement x="0" y="%row3_2a_y%" w="%screen_w%" h="%bl_h6%"/>
				<listitem name="{@module_of_set}">
					<condition var1="fileexists" var2="/FFiles/OF_backup_settings/OF_backup_settings.zip"/>
					<icon res="bs_btn_archive"/>
					<action function="queueclear"/>
					<action function="set">fox_m_author=DarthJabba9</action>
					<action function="set">fox_m_name={@module_of_set}</action>
					<action function="set">tw_file=OF_backup_settings.zip</action>
					<action function="set">tw_filename=/FFiles/OF_backup_settings/OF_backup_settings.zip</action>
					<action function="set">tw_filecheck=%tw_filename%</action>
					<action function="set">tw_zip_location=/FFiles/OF_backup_settings</action>
					<action function="queuezip"/>
					<action function="set">tw_notexistpage=fox_modules_confirm</action>
					<action function="set">tw_existpage=fox_modules_confirm</action>
					<action function="page">filecheck</action>
				</listitem>
				<listitem name="OrangeFox: {@dialog_reset_theme_hdr}">
					<condition var1="fileexists" var2="/FFiles/OF_reset/OF_reset.zip"/>
					<icon res="bs_btn_archive"/>
					<action function="page">mod_reset</action>
				</listitem>

				<listitem name="{@module_pass}">
					<condition var1="fileexists" var2="/FFiles/OF_DelPass/OF_DelPass.zip"/>
					<icon res="bs_btn_archive"/>
					<action function="page">mod_pass</action>
				</listitem>

				<listitem name="{@module_remove_survival}">
					<condition var1="fileexists" var2="/FFiles/OF_Del_Survival/OF_Del_Survival.zip"/>
					<condition var1="fox_branch" op="&gt;=" var2="10"/>
					<icon res="bs_btn_archive"/>
					<action function="page">mod_survival</action>
				</listitem>

				<listitem name="{@remove_of_files}">
					<condition var1="fileexists" var2="/FFiles/OF_DelFiles/OF_DelFiles.zip"/>
					<icon res="bs_btn_archive"/>
					<action function="queueclear"/>
					<action function="set">fox_m_author=DarthJabba9</action>
					<action function="set">fox_m_name={@remove_of_files}</action>
					<action function="set">tw_file=OF_DelFiles.zip</action>
					<action function="set">tw_filename=/FFiles/OF_DelFiles/OF_DelFiles.zip</action>
					<action function="set">tw_filecheck=%tw_filename%</action>
					<action function="set">tw_zip_location=/FFiles/OF_DelFiles</action>
					<action function="queuezip"/>
					<action function="set">tw_notexistpage=fox_modules_confirm</action>
					<action function="set">tw_existpage=fox_modules_confirm</action>
					<action function="page">filecheck</action>
				</listitem>
				<listitem name="{@module_initd}">
					<condition var1="fox_vab_device" op="!=" var2="1"/>
					<condition var1="fileexists" var2="/sdcard/Fox/FoxFiles/OF_initd.zip"/>
					<icon res="bs_btn_archive"/>
					<action function="queueclear"/>
					<action function="set">fox_m_author=DarthJabba9</action>
					<action function="set">fox_m_name={@module_initd}</action>
					<action function="set">tw_file=OF_initd.zip</action>
					<action function="set">tw_filename=/sdcard/Fox/FoxFiles/OF_initd.zip</action>
					<action function="set">tw_filecheck=%tw_filename%</action>
					<action function="set">tw_zip_location=/sdcard/Fox/FoxFiles</action>
					<action function="queuezip"/>
					<action function="set">tw_notexistpage=fox_modules_confirm</action>
					<action function="set">tw_existpage=fox_modules_confirm</action>
					<action function="page">filecheck</action>
				</listitem>

			</listbox>

			<template name="base"/>

			<text style="text_ab_title">
				<placement x="%col1_x_indent%" y="%ab_bc_y%"/>
				<text>{@fox_modules_hdr}</text>
			</text>

			<image>
				<placement x="%ab_btn1_x%" y="%ab_y%" placement="4"/>
				<image resource="actionbar_delete"/>
			</image>

			<template name="gestures"/>

			<action>
				<touch key="home"/>
				<action function="page">main</action>
			</action>

			<action>
				<touch key="back"/>
				<action function="page">advanced</action>
			</action>
		</page>

		<page name="partsdcard">
			<template name="base"/>

			<text style="text_ab_title">
				<placement x="%col1_x_indent%" y="%ab_bc_y%"/>
				<text>{@part_sd_hdr}</text>
			</text>

			<button style="btn_flat_qw">
				<placement x="%btn_raised_left_x%" y="%row1_1_y%"/>
				<text>{@btn_flat_less}</text>
				<action function="addsubtract">tw_sdext_size-128</action>
			</button>

			<text style="text_body1">
				<placement x="%center_x%" y="%row1_1a_y%" placement="5"/>
				<text>{@part_sd_ext_sz} %tw_sdext_size%</text>
			</text>

			<button style="btn_flat_qw">
				<placement x="%btn_raised_right_x%" y="%row1_1_y%" placement="1"/>
				<text>{@btn_flat_more}</text>
				<action function="addsubtract">tw_sdext_size+128</action>
			</button>

			<button style="btn_flat_qw">
				<placement x="%btn_raised_left_x%" y="%row2_1_y%"/>
				<text>{@btn_flat_less}</text>
				<action function="addsubtract">tw_swap_size-32</action>
			</button>

			<text style="text_body1">
				<placement x="%center_x%" y="%row2_1a_y%" placement="5"/>
				<text>{@part_sd_swap_sz} %tw_swap_size%</text>
			</text>

			<button style="btn_flat_qw">
				<placement x="%btn_raised_right_x%" y="%row2_1_y%" placement="1"/>
				<text>{@btn_flat_more}</text>
				<action function="addsubtract">tw_swap_size+32</action>
			</button>

			<button style="btn_flat_qw">
				<placement x="%btn_raised_left_x%" y="%row3_1_y%"/>
				<text>{@btn_flat_ext3}</text>
				<action function="set">tw_sdpart_file_system=ext3</action>
			</button>

			<text style="text_body1">
				<placement x="%center_x%" y="%row3_1a_y%" placement="5"/>
				<text>{@current_color} %tw_sdpart_file_system%</text>
			</text>

			<button style="btn_flat_qw">
				<placement x="%btn_raised_right_x%" y="%row3_1_y%" placement="1"/>
				<text>{@btn_flat_ext4}</text>
				<action function="set">tw_sdpart_file_system=ext4</action>
			</button>

			<text style="caption">
				<placement x="%center_x%" y="%slider_text_y%" placement="5"/>
				<text>{@swipe_part_sd}</text>
			</text>

			<slider style="slider_action">
				<placement x="%center_x%" y="%slider_y%" placement="5"/>
				<action function="set">tw_back=partsdcard</action>
				<action function="set">tw_action=partitionsd</action>
				<action function="set">tw_has_action2=1</action>
				<action function="set">tw_action2=set</action>
				<action function="set">tw_action2_param=tw_zip_location=/sdcard</action>
				<action function="set">tw_action_text1={@partitioning_sd}</action>
				<action function="set">tw_action_text2={@partitioning_sd2}</action>
				<action function="set">tw_complete_text1={@part_sd_complete}</action>
				<action function="page">action_page</action>
			</slider>

			<template name="gestures"/>

			<action>
				<touch key="home"/>
				<action function="page">main</action>
			</action>

			<action>
				<touch key="back"/>
				<action function="set">partitionlisterror=0</action>
				<action function="page">partitionoptions</action>
			</action>
		</page>

		<page name="terminal">
			<background color="%background%"/>
			<template name="ab"/>
			<template name="statusbarinfo"/>

			<text style="text_ab_title">
				<placement x="%col1_x_indent%" y="%ab_bc_y%"/>
				<text>{@term_s_hdr}</text>
			</text>

			<terminal>
				<condition var1="tw_hide_kb" var2="0"/>
				<condition var1="key_numbar" op="!=" var2="1"/>
				<placement x="%col1_x%" y="%terminal_y%" w="%terminal_width%" h="%terminal_height%"/>
			</terminal>

			<terminal>
				<condition var1="tw_hide_kb" var2="1"/>
				<placement x="%col1_x%" y="%terminal_y%" w="%terminal_width%" h="%terminal_nokb_height%"/>
			</terminal>

			<terminal>
				<condition var1="tw_hide_kb" var2="0"/>
				<condition var1="key_numbar" var2="1"/>
				<placement x="%col1_x%" y="%terminal_y%" w="%terminal_width%" h="%terminal_num_height%"/>
			</terminal>

			<template name="navbar_bkg"/>
			<template name="keyboardtemplate"/>
			<template name="keyboardterminaltemplate"/>

			<template name="navbar_home"/>
			<template name="navbar_console"/>
			<template name="navbar_terminal"/>

			<button style="actionbar">
				<placement x="%ab_btn1_x%" y="%ab_y%" placement="4"/>
				<action function="set">general_back=terminal</action>
				<action function="page">ext_context</action>
			</button>

			<image>
				<placement x="%ab_btn1_x%" y="%ab_y%" placement="4"/>
				<image resource="actionbar_settings"/>
			</image>

			<action>
				<touch key="power"/>
				<action function="togglebacklight"/>
			</action>

			<action>
				<touch hkey="power"/>
				<action function="set">tw_back=main</action>
				<action function="overlay">reboot</action>
			</action>
			
			<action>
				<touch key="power+voldown"/>
				<action function="screenshotinternal"/>
			</action>

			<action>
				<touch key="power+volup"/>
				<action function="flashlight"/>
			</action>

			<template name="gestures_key"/>

			<action>
				<touch key="home"/>
				<action function="changeterminal"/>
				<action function="set">tw_hide_kb=0</action>
				<action function="page">main</action>
			</action>

			<action>
				<touch key="back"/>
				<action function="changeterminal"/>
				<action function="set">tw_hide_kb=0</action>
				<action function="page">main</action>
			</action>
		</page>

		<page name="sideload">
			<fill color="%accent%">
				<condition var1="fox_adb" var2="1"/>
				<placement x="0" y="%ab_h%" w="%screen_w%" h="%ab_btn_h%"/>
			</fill>

			<fill color="%unactive_title%">
				<condition var1="fox_adb" op="!=" var2="1"/>
				<placement x="0" y="%ab_h%" w="%screen_w%" h="%ab_btn_h%"/>
			</fill>

			<image style="switch_off">
				<condition var1="fox_adb" op="!=" var2="1"/>
				<placement x="%ab_btn1_x%" y="%ab2_y%" placement="4"/>
			</image>

			<image style="switch_on">
				<condition var1="fox_adb" var2="1"/>
				<placement x="%ab_btn1_x%" y="%ab2_y%" placement="4"/>
			</image>

			<text style="text_ab_switch">
				<placement x="%col1_x_indent%" y="%ab_bc2_y%"/>
				<text>ADB</text>
			</text>

			<button style="bs_btn">
				<condition var1="fox_adb" op="!=" var2="1"/>
				<placement x="0" y="%ab_h%" w="%screen_w%" h="%ab_btn_h%"/>
				<action function="adb">enable</action>
			</button>

			<button style="bs_btn">
				<condition var1="fox_adb" var2="1"/>
				<placement x="0" y="%ab_h%" w="%screen_w%" h="%ab_btn_h%"/>
				<action function="adb">disable</action>
			</button>

			<template name="base"/>

			<text style="text_ab_title">
				<placement x="%col1_x_indent%" y="%ab_bc_y%"/>
				<text>{@adb_sideload_btn}</text>
			</text>

			<image>
				<placement x="%col1_x%" y="%row1_3a_y%"/>
				<image resource="icon_info"/>
			</image>

			<text style="text_body2_hl">
				<placement x="%col1_x_indent%" y="%row1_3a_y%"/>
				<text>{@sideload_usage}</text>
			</text>

			<text style="caption">
				<placement x="%col1_x_caption%" y="%row2_2a_y%"/>
				<text>{@adb_sideload_hdr}</text>
			</text>

			<listbox style="settingslist">
				<placement x="0" y="%row2_3a_y%" w="%screen_w%" h="%lb_l2%"/>
				<listitem name="{@sideload_wipe_dalvik_chk}">
					<data variable="tw_wipe_dalvik"/>
				</listitem>
				<listitem name="{@sideload_wipe_cache_chk}">
					<data variable="tw_wipe_cache"/>
				</listitem>
			</listbox>

			<text style="caption">
				<placement x="%center_x%" y="%slider_text_y%" placement="5"/>
				<text>{@swipe_to_sideload}</text>
			</text>

			<slider style="slider_action">
				<placement x="%center_x%" y="%slider_y%" placement="5"/>
				<action function="set">tw_back=advanced</action>
				<action function="set">tw_action=adbsideload</action>
				<action function="set">tw_action_text1={@sideload_confirm}</action>
				<action function="set">tw_action_text2={@fordowns_sl}</action>
				<action function="set">tw_complete_text1={@sideload_complete}</action>
				<action function="set">tw_has_cancel=1</action>
				<action function="set">tw_cancel_action=adbsideloadcancel</action>
				<action function="page">action_page</action>
			</slider>

			<template name="gestures"/>

			<action>
				<touch key="home"/>
				<action function="page">main</action>
			</action>

			<action>
				<touch key="back"/>
				<action function="page">advanced</action>
			</action>
		</page>

		<page name="fixcontexts">
			<template name="base"/>

			<text style="text_ab_title">
				<placement x="%col1_x_indent%" y="%ab_bc_y%"/>
				<text>{@fix_contexts_confirm}</text>
			</text>

			<image>
				<placement x="%col1_x%" y="%row1_1_y%"/>
				<image resource="icon_warning"/>
			</image>

			<text style="text_body2_fail">
				<placement x="%col1_x_indent%" y="%row1_1_y%"/>
				<text>{@fix_contexts_note1}</text>
			</text>

			<text style="text_body2_fail">
				<placement x="%col1_x_indent%" y="%row1_2_y%"/>
				<text>{@fix_contexts_note2}</text>
			</text>

			<text style="text_body2_fail">
				<placement x="%col1_x_indent%" y="%row1_3_y%"/>
				<text>{@fix_contexts_note3}</text>
			</text>

			<text style="caption">
				<placement x="%center_x%" y="%slider_text_y%" placement="5"/>
				<text>{@swipe_to_fix_contexts}</text>
			</text>

			<slider style="slider_action">
				<placement x="%center_x%" y="%slider_y%" placement="5"/>
				<action function="set">tw_back=advanced</action>
				<action function="set">tw_action=fixcontexts</action>
				<action function="set">tw_action_text1={@fixing_contexts}</action>
				<action function="set">tw_complete_text1={@fix_contexts_complete}</action>
				<action function="set">tw_slider_text={@swipe_to_confirm}</action>
				<action function="page">action_page</action>
			</slider>

			<template name="gestures"/>

			<action>
				<touch key="home"/>
				<action function="page">main</action>
			</action>

			<action>
				<touch key="back"/>
				<action function="page">advanced</action>
			</action>
		</page>

		<page name="apps_load">
			<template name="dialog_body"/>
			
			<text style="text_status">
				<placement x="%center_x%" y="%center_y%" placement="5"/>
				<condition var1="tw_busy" var2="1"/>
				<condition var1="ftls_running" op="!=" var2="1"/>
				<text>{@lang_wait}</text>
			</text>

			<action>
				<action function="mount">/data</action>
				<action function="cmd">
						/sbin/fox_list_apps
				</action>
			</action>

			<action>
				<condition var1="tw_operation_state" var2="1"/>
				<condition var1="tw_operation_status" var2="0"/>
				<action function="set">amgr_path=/tmp/listapps/list</action>
				<action function="page">apps_list</action>
			</action>

			<action>
				<condition var1="tw_operation_state" var2="1"/>
				<condition var1="tw_operation_status" var2="1"/>
				<action function="page">advanced</action>
			</action>
		</page>

		<page name="apps_list">
			<fileselector style="fileselector_b">
				<condition var1="list_font" var2="1"/>
				<placement x="0" y="%ab_h%" w="%screen_w%" h="%bl_fullscreen_h%"/>
				<sort name="0"/>
				<icon folder="folder_icon" file="module_icon" />
				<filter folders="0" files="1" nav="0"/>
				<path name="amgr_path" default="/tmp/listapps/list"/>
				<data name="amgr_file"/>
				<selection name="amgr_select"/>
			</fileselector>

			<fileselector style="fileselector_s">
				<condition var1="list_font" op="!=" var2="1"/>
				<placement x="0" y="%ab_h%" w="%screen_w%" h="%bl_fullscreen_h%"/>
				<sort name="0"/>
				<iconsize w="%col1_x_indent%" h="90" padding="25"/>
				<icon folder="folder_icon_small" file="module_icon_small" />
				<filter folders="0" files="1" nav="0"/>
				<path name="amgr_path" default="/tmp/listapps/list"/>
				<data name="amgr_file"/>
				<selection name="amgr_select"/>
			</fileselector>

			<template name="base"/>

			<text style="text_ab_title">
				<placement x="%col1_x_indent%" y="%ab_bc_y%"/>
				<text>{@appmgr_title}</text>
			</text>

			<button style="actionbar">
				<placement x="%ab_btn1_x%" y="%ab_y%" placement="4"/>
				<action function="cmd">rm -rf /tmp/listapps</action>
				<action function="page">advanced</action>
			</button>

			<image>
				<placement x="%ab_btn1_x%" y="%ab_y%" placement="4"/>
				<image resource="actionbar_cancel"/>
			</image>

			<action>
				<condition var1="amgr_file" op="modified"/>
				<action function="set">tw_back=apps_load</action>
				<action function="set">tw_action=terminalcommand</action>
				<action function="set">tw_action_param=rm -rf "$(cat "%amgr_file%")";rm -f "%amgr_file%";rm -rf /tmp/listapps;</action>
				<action function="set">tw_text1={@fm_deleting} %amgr_select%</action>
				<action function="set">tw_action_text1={@fm_deleting}</action>
				<action function="set">tw_action_text2=%amgr_select%</action>
				<action function="set">tw_complete_text1={@fm_complete}</action>
				<action function="set">tw_slider_text={@swipe_to_confirm}</action>
				<action function="page">confirm_action</action>
			</action>

			<template name="gestures"/>

			<action>
				<touch key="home"/>
				<action function="page">main</action>
			</action>

			<action>
				<touch key="back"/>
				<action function="page">advanced</action>
			</action>
		</page>
	</pages>
</recovery>
