<?xml version="1.0"?>
<recovery>
	<pages>
		<page name="lock">
			<background color="%background%"/>
			<template name="status_bg"/>
			<template name="statusbarinfo"/>
			<template name="keys"/>

			<button>
				<condition var1="lock_action" var2="1"/>
				<condition var1="clock_style" var2="0"/>
				<image resource="unlock_icon"/>
				<placement x="%center_x%" y="%center_y%" placement="4"/>
				<action function="togglebacklight"/>
			</button>

			<image>
				<condition var1="lock_action" var2="0"/>
				<condition var1="clock_style" var2="0"/>
				<image resource="unlock_icon"/>
				<placement x="%center_x%" y="%center_y%" placement="4"/>
			</image>

			<text color="%text%">
				<condition var1="clock_style" var2="1"/>
				<font resource="clock"/>
				<placement x="%center_x%" y="%row2_2_y%" placement="4"/>
				<text>%tw_time%</text>
			</text>

			<text color="%text%">
				<condition var1="clock_style" var2="1"/>
				<condition var1="lock_info" var2="1"/>
				<font resource="info"/>
				<placement x="%center_x%" y="%row3_2_y%" placement="4"/>
				<text>{@cpu_temp} | %tw_battery_charge%</text>
			</text>

			<text style="text_body1_dark">
				<condition var1="lock_btn" var2="0"/>
				<condition var1="real_gestures_enable" var2="1"/>
				<placement x="%center_x%" y="%slider_y_l%" placement="5"/>
				<text>{@swipe_up_to_unlock}</text>
			</text>

			<gesture>
				<condition var1="lock_btn" var2="0"/>
				<condition var1="real_gestures_enable" var2="1"/>
				<placement x="0" y="%unlock_gest_y%" w="%screen_w%" h="144"/>
				<fill color="#00000000"/>
				<settings side="0" sense="300" />
				<action function="overlay"/>
			</gesture>

			<text style="caption">
				<condition var1="lock_btn" var2="0"/>
				<condition var1="real_gestures_enable" op="!=" var2="1"/>
				<placement x="%center_x%" y="%slider_text_y_l%" placement="5"/>
				<text>{@swipe_to_unlock}</text>
			</text>

			<slider style="slider_action">
				<condition var1="lock_btn" var2="0"/>
				<condition var1="real_gestures_enable" op="!=" var2="1"/>
				<placement x="%center_x%" y="%slider_y_l%" placement="5"/>
				<action function="overlay"/>
			</slider>


			<button style="btn_raised_hl">
				<condition var1="lock_btn" var2="1"/>
				<placement x="%center_x%" y="%slider_y%" placement="4"/>
				<text>{@lockscreen_unlock}</text>
				<action function="overlay"/>
			</button>
		</page>

		<page name="console">
			<background color="%background%"/>
			<template name="keys"/>
			<template name="status_bg"/>
			<template name="statusbarinfo"/>
			
			<console>
				<placement x="%col1_x%" y="%ab_bc_y%" w="%console_width%" h="%console_height%"/> 
				<condition var1="use_fixed_font" var2="0"/>
			</console>
			
			<console>
				<placement x="%col1_x%" y="%ab_bc_y%" w="%console_width%" h="%console_height%"/> 
				<condition var1="use_fixed_font" var2="1"/>
				<font resource="fixed"/>
			</console>

			<fill color="%title_solid_bg%">
				<condition var1="darker_ui" var2="1"/>
				<placement x="0" y="%nav_panel_y%" w="%screen_w%" h="%nav_panel_h%"/>
			</fill>

			<image>
				<condition var1="show_shadow" var2="1"/>
				<placement x="0" y="%nav_panel_y%" placement="2"/>
				<image resource="nav_shadow"/>
			</image>

			<fill color="%linecolor%">
				<condition var1="show_shadow" var2="2"/>
				<placement x="0" y="%nav_panel_y%" w="1080" h="2" placement="2"/>
			</fill>
			
			<slidervalue>
				<condition var1="tw_has_brightnesss_file" var2="1"/>
				<placement x="-24" y="%console_brightness_y%" w="%slidervalue_w%" />
				<data variable="tw_brightness_pct" min="10" max="100" showrange="0" showcurr="0" changeondrag="1"/>
				<action function="set">tw_brightness=%tw_brightness_max%</action>
				<action function="compute">tw_brightness*%tw_brightness_pct%</action>
				<action function="compute">tw_brightness/100</action>
				<action function="setbrightness">%tw_brightness%</action>
			</slidervalue>
			
			<button style="actionbar">
				<condition var1="of_flashlight_enable" var2="1"/>
				<placement x="996" y="%console_flash_y%" placement="4"/>
				<action function="flashlight"/>
			</button>

			<image>
				<condition var1="of_flashlight_enable" var2="1"/>
				<condition var1="of_flash_on" op="!=" var2="1"/>
				<placement x="996" y="%console_flash_y%" placement="4"/>
				<image resource="actionbar_flash"/>
			</image>

			<image>
				<condition var1="of_flashlight_enable" var2="1"/>
				<condition var1="of_flash_on" var2="1"/>
				<placement x="996" y="%console_flash_y%" placement="4"/>
				<image resource="actionbar_flash_on"/>
			</image>

			<template name="navbar_console_hide"/>

			<template name="gestures"/>

			<action>
				<touch key="home"/>
				<action function="overlay"/>
			</action>

			<action>
				<touch key="back"/>
				<action function="overlay"/>
			</action>
		</page>
	</pages>
</recovery>