<?xml version="1.0"?>
<recovery>
	<pages>
		<page name="backup">
			<action>
				<condition var1="auto_generate" var2="0"/>
				<action function="set">tw_backup_name={@auto_gen}</action>
			</action>
			
			<action>
				<condition var1="auto_generate" var2="1"/>
				<action function="generatebackupname"/>
			</action>
			
			<action>
				<action function="set">tw_fileexists=0</action>
				<action function="set">of_show_storage_selection=0</action>
				<action function="page">backup_prep</action>
			</action>
		</page>

		<page name="check_storage_back">
			<action>
				<condition var1="of_show_storage_selection" op="!=" var2="1"/>
				<action function="page">restore</action>
			</action>
			
			<action>
				<condition var1="of_show_storage_selection" var2="1"/>
				<action function="set">of_show_storage_selection=0</action>
				<action function="page">backup_prep</action>
			</action>
		</page>

		<page name="backup_prep">
			<background color="%background%"/>
			<template name="keys"/>
			<template name="ab_ex"/>
			<template name="statusbarinfo"/>

			<text style="text_ab_title">
				<placement x="%col1_x_indent%" y="%ab_bc_y%"/>
				<text>{@backup_short_hdr}</text>
			</text>

			<text style="text_ab_title">
				<placement x="%col1_x_indent%" y="%row1_2_y%" placement="2"/>
				<text>%tw_storage_display_name%</text>
			</text>

			<text style="text_ab_subtitle">
				<placement x="%col1_x_indent%" y="%row1_2_y%"/>
				<text>{@part_free}: %tw_storage_free_size%{@mbyte}</text>
			</text>

			<button style="actionbar">
				<condition var1="tw_include_encrypted_backup" var2="1"/>
				<condition var1="tw_encrypt_backup" var2="0"/>
				<placement x="%ab_btn3_x%" y="%ab_y%" placement="4"/>
				<action function="set">tw_password_not_match=0</action>
				<action function="set">tw_backup_password=</action>
				<action function="set">tw_backup_password2=</action>
				<action function="page">backup_encryption</action>
			</button>
			
			<image>
				<condition var1="tw_include_encrypted_backup" var2="1"/>
				<condition var1="tw_encrypt_backup" var2="0"/>
				<placement x="%ab_btn3_x%" y="%ab_y%" placement="4"/>
				<image resource="actionbar_encr_dis"/>
			</image>

			<button style="actionbar">
				<condition var1="tw_include_encrypted_backup" var2="1"/>
				<condition var1="tw_encrypt_backup" var2="1"/>
				<placement x="%ab_btn3_x%" y="%ab_y%" placement="4"/>
				<action function="set">tw_encrypt_backup=0</action>
				<action function="set">tw_backup_password=</action>
				<action function="set">tw_backup_password2=</action>
				<action function="set">tw_password_not_match=0</action>
			</button>
			
			<image>
				<condition var1="tw_include_encrypted_backup" var2="1"/>
				<condition var1="tw_encrypt_backup" var2="1"/>
				<condition var1="tw_password_not_match" var2="0"/>
				<placement x="%ab_btn3_x%" y="%ab_y%" placement="4"/>
				<image resource="actionbar_encr_ena"/>
			</image>

			<button style="actionbar">
				<placement x="%ab_btn1_x%" y="%ab_y%" placement="4"/>
				<action function="set">backup_back=backup</action>
				<action function="page">ext_backup</action>
			</button>

			<image>
				<placement x="%ab_btn1_x%" y="%ab_y%" placement="4"/>
				<image resource="actionbar_settings"/>
			</image>

			<button style="actionbar">
				<condition var1="of_show_storage_selection" var2="1"/>
				<placement x="%ab_btn2_x%" y="%ab_y%" placement="4"/>
				<action function="set">of_show_storage_selection=0</action>
			</button>

			<button style="actionbar">
				<condition var1="of_show_storage_selection" op="!=" var2="1"/>
				<placement x="%ab_btn2_x%" y="%ab_y%" placement="4"/>
				<action function="set">of_show_storage_selection=1</action>
			</button>

			<image>
				<placement x="%ab_btn2_x%" y="%ab_y%" placement="4"/>
				<image resource="actionbar_storage"/>
			</image>

			<text style="caption">
				<placement x="%col1_x_caption%" y="%row2_1a_y%"/>
				<text>{@name}</text>
			</text>

			<input>
				<placement x="%col1_x_caption%" y="%row2_2a_y%" w="%input_w%" h="%input_height%"/>
				<cursor color="%transparent%" hasfocus="0" width="0"/>
				<data name="tw_backup_name"/>
				<restrict disable="1"/>
				<text>%tw_backup_name%</text>
			</input>

			<fill color="%linecolor%">
				<condition var1="tw_fileexists" var2="0"/>
				<condition var1="tw_backup_name" op="!=" var2="{@auto_gen}"/>
				<placement x="%col1_x_caption%" y="%row2_3a_y%" w="%input_w%" h="%input_line_height%" placement="1"/>
			</fill>

			<fill color="%linecolor%">
				<condition var1="tw_backup_name" var2="{@auto_gen}"/>
				<placement x="%col1_x_caption%" y="%row2_3a_y%" w="%input_w%" h="%input_line_height%" placement="1"/>
			</fill>

			<fill color="%text_fail%">
				<condition var1="tw_fileexists" var2="1"/>
				<condition var1="tw_backup_name" op="!=" var2="{@auto_gen}"/>
				<placement x="%col1_x_caption%" y="%row2_3a_y%" w="%input_w%" h="%input_line_height%" placement="1"/>
			</fill>

			<text style="text_input_fail">
				<condition var1="tw_fileexists" var2="1"/>
				<condition var1="tw_backup_name" op="!=" var2="{@auto_gen}"/>
				<placement x="%col1_x_caption%" y="%row2_3a_y%"/>
				<text>{@backup_name_exists}</text>
			</text>

			<button style="menu_btn">
				<condition var1="tw_backup_name" op="!=" var2="{@auto_gen}"/>
				<placement x="%col1_x_caption%" y="%row2_1a_y%" w="%input_w%" h="%mb_h_hide%"/>
				<action function="page">backupname</action>
			</button>

			<button style="menu_btn">
				<condition var1="tw_backup_name" var2="{@auto_gen}"/>
				<placement x="%col1_x_caption%" y="%row2_1a_y%" w="%input_w%" h="%mb_h_hide%"/>
				<action function="page">backupname_auto</action>
			</button>

			<text style="caption">
				<placement x="%col1_x_caption%" y="%row3_1a_y%"/>
				<text>{@partitions}</text>
			</text>

			<partitionlist>
				<placement x="0" y="%row3_2a_y%" w="%screen_w%" h="%part_list_btns_h%"/>
				<data name="tw_backup_list"/>
				<listtype name="backup_total"/>
			</partitionlist>

			<fill color="%linecolor%">
				<condition var1="tw_fileexists" var2="0"/>
				<condition var1="tw_backup_name" op="!=" var2="{@auto_gen}"/>
				<placement x="%col1_x_caption%" y="%row2_3a_y%" w="%input_w%" h="%input_line_height%" placement="1"/>
			</fill>

			<fill color="%linecolor%">
				<placement x="%col1_x%" y="%part_backup_line_y%" w="%content_w%" h="%input_line_height%" placement="1"/>
			</fill>

			<text style="text_body1_dark">
				<placement x="%col1_x%" y="%part_backup_info_y%" />
				<text>{@backup_exp_size}:  %fox_total_backup%{@mbyte}</text>
			</text>
			
			<text style="text_body1_dark">
				<condition var1="fox_ai_deep_learning_time" op="&lt;" var2="1"/>
				<placement x="%col1_x_neg%" y="%part_backup_info_y%" placement="1"/>
				<text>~&lt;1 {@time_minute}</text>
			</text>
			<text style="text_body1_dark">
				<condition var1="fox_ai_deep_learning_time" op="&gt;=" var2="1"/>
				<placement x="%col1_x_neg%" y="%part_backup_info_y%" placement="1"/>
				<text>~%fox_ai_deep_learning_time% {@time_minute}</text>
			</text>

			<button style="btn_raised">
				<placement x="%btn_raised_left_x%" y="%row_btn2_y%"/>
				<text>{@bkp_clear}</text>
				<action function="set">tw_backup_list=</action>
			</button>

			<button style="btn_raised_hl">
				<placement x="%btn_raised_right_x%" y="%row_btn2_y%" placement="1"/>
				<text>{@bkp_quick}</text>
				<action function="set">tw_backup_list=%tw_backup_list_quick%</action>
			</button>

			<text style="caption">
				<placement x="%center_x%" y="%slider_text_y%" placement="5"/>
				<text>{@swipe_backup}</text>
			</text>

			<slider style="slider_action">
				<condition var1="tw_backup_name" op="!=" var2="{@auto_gen}"/>
				<placement x="%center_x%" y="%slider_y%" placement="5"/>
				<action function="set">tw_filecheck=%tw_backups_folder%/%tw_backup_name%</action>
				<action function="set">tw_existpage=backup</action>
				<action function="set">tw_notexistpage=backup_run</action>
				<action function="page">filecheck</action>
			</slider>

			<slider style="slider_action">
				<condition var1="tw_backup_name" var2="{@auto_gen}"/>
				<placement x="%center_x%" y="%slider_y%" placement="5"/>
				<action function="page">backup_run</action>
			</slider>

			<template name="navbar_bkg"/>
			<button>
				<condition var1="of_show_storage_selection" var2="1"/>
				<fill color="%darktransparent%"/>
				<placement x="0" y="%ab_h%" w="%screen_w%" h="%screen_h%"/>
				<action function="set">of_show_storage_selection=0</action>
			</button>

			<template name="storage_dialog"/>

			<button style="btn_dlg_hl">
				<condition var1="of_show_storage_selection" var2="1"/>
				<placement x="%btn_raised_right_x%" y="%row3_1_y%" placement="1"/>
				<text>{@cancel_btn}</text>
				<action function="set">of_show_storage_selection=0</action>
			</button>

			<button style="btn_dlg">
				<condition var1="of_show_storage_selection" var2="1"/>
				<placement x="768" y="%row3_1_y%" placement="1"/>
				<text>{@update_btn}</text>
				<action function="refreshsizes"/>
				<action function="page">backup_prep</action>
			</button>

			<template name="navbar"/>
			<template name="gestures"/>

			<action>
				<condition var1="tw_storage_path" op="modified" />
				<action function="set">of_show_storage_selection=0</action>
				<action function="page">backup_prep</action>
			</action>

			<action>
				<touch key="home"/>
				<action function="page">main</action>
			</action>

			<action>
				<touch key="back"/>
				<action function="page">check_storage_back</action>
			</action>
		</page>

		<page name="backupname">
			<template name="base_ex_key"/>

			<text style="text_ab_title">
				<placement x="%col1_x_indent%" y="%ab_bc_y%"/>
				<text>{@backup_short_hdr}</text>
			</text>

			<text style="text_ab_title">
				<placement x="%col1_x_indent%" y="%row1_2_y%" placement="2"/>
				<text>{@bkp_nametitle}</text>
			</text>

			<text style="text_ab_subtitle">
				<placement x="%col1_x_indent%" y="%row1_2_y%"/>
				<text>{@bkp_namesub}</text>
			</text>

			<text style="caption_hl">
				<placement x="%col1_x_caption%" y="%row2_1a_y%"/>
				<text>{@name}</text>
			</text>

			<input>
				<placement x="%col1_x_caption%" y="%row2_2a_y%"  w="%input_backup_w%" h="%input_height%"/>
				<text>%tw_backup_name%</text>
				<data name="tw_backup_name"/>
				<restrict minlen="0" maxlen="64" allow="abcdefghijklmnopqrstuvwxyzABCDEFGHIJKLMNOPQRSTUVWXYZ1234567890-_.{}[]"/>
				<action function="set">tw_filecheck=%tw_backups_folder%/%tw_backup_name%</action>
				<action function="set">tw_existpage=backupname</action>
				<action function="set">tw_notexistpage=backup</action>
				<action function="page">filecheck</action>
			</input>

			<button>
				<placement x="%ab_btn1_x%" y="%row2_3_y%" placement="4"/>
				<image resource="actionbar_clear"/>
				<action function="set">tw_backup_name=</action>
				<action function="page">backupname</action>
			</button>

			<fill color="%accent%">
				<condition var1="tw_fileexists" var2="0"/>
				<placement x="%col1_x_caption%" y="%row2_3a_y%" w="%input_backup_w%" h="%input_line_height%" placement="1"/>
			</fill>

			<fill color="%text_fail%">
				<condition var1="tw_fileexists" var2="1"/>
				<placement x="%col1_x_caption%" y="%row2_3a_y%" w="%input_backup_w%" h="%input_line_height%" placement="1"/>
			</fill>

			<text style="text_input_fail">
				<condition var1="tw_fileexists" var2="1"/>
				<placement x="%col1_x_caption%" y="%row2_3a_y%"/>
				<text>{@backup_name_exists}</text>
			</text>

			<listbox style="btn_list">
				<placement x="0" y="%input_btn_list_y%" w="%screen_w%" h="%bl_h3%"/>
				<listitem name="{@bkp_date}">
					<icon res="bs_btn_time"/>
					<action function="appenddatetobackupname"/>
				</listitem>
				<listitem name="{@bkp_gen}">
					<icon res="bs_btn_new"/>
					<action function="generatebackupname"/>
				</listitem>
				<listitem name="{@bkp_gen_whilebkp}">
					<icon res="bs_btn_wut"/>
					<action function="set">tw_backup_name={@auto_gen}</action>
					<action function="page">backupname_auto</action>
				</listitem>
			</listbox>

			<template name="gestures_key"/>

			<action>
				<touch key="home"/>
				<action function="page">main</action>
			</action>

			<action>
				<touch key="back"/>
				<action function="page">backup</action>
			</action>
		</page>

		<page name="backupname_auto">
			<template name="base_ex"/>

			<text style="text_ab_title">
				<placement x="%col1_x_indent%" y="%ab_bc_y%"/>
				<text>{@backup_short_hdr}</text>
			</text>

			<text style="text_ab_title">
				<placement x="%col1_x_indent%" y="%row1_2_y%" placement="2"/>
				<text>{@bkp_nametitle}</text>
			</text>

			<text style="text_ab_subtitle">
				<placement x="%col1_x_indent%" y="%row1_2_y%"/>
				<text>{@bkp_namesub}</text>
			</text>

			<text style="caption">
				<placement x="%col1_x_caption%" y="%row2_1a_y%"/>
				<text>{@name}</text>
			</text>

			<input>
				<placement x="%col1_x_caption%" y="%row2_2a_y%" w="%input_w%" h="%input_height%"/>
				<cursor color="%transparent%" hasfocus="0" width="0"/>
				<data name="tw_backup_name"/>
				<restrict minlen="0" maxlen="64" disable="1"/>
				<text>%tw_backup_name%</text>
			</input>

			<fill color="%linecolor%">
				<placement x="%col1_x_caption%" y="%row2_3a_y%" w="%input_w%" h="%input_line_height%" placement="1"/>
			</fill>
			
			<button style="menu_btn">
				<placement x="%col1_x_caption%" y="%row2_1a_y%" w="%input_w%" h="%mb_h_hide%"/>
				<action function="generatebackupname"/>
				<action function="page">backupname</action>
			</button>

			<listbox style="btn_list">
				<placement x="0" y="%input_btn_list_y%" w="%screen_w%" h="%bl_h2%"/>
				<listitem name="{@bkp_date}">
					<icon res="bs_btn_time"/>
					<action function="set">tw_backup_name=</action>
					<action function="page">backupname</action>
					<action function="appenddatetobackupname"/>
				</listitem>
				<listitem name="{@bkp_gen}">
					<icon res="bs_btn_new"/>
					<action function="generatebackupname"/>
					<action function="page">backupname</action>
				</listitem>
			</listbox>

			<template name="gestures"/>

			<action>
				<touch key="home"/>
				<action function="page">main</action>
			</action>

			<action>
				<touch key="back"/>
				<action function="page">backup</action>
			</action>
		</page>

		<page name="backup_encryption">
			<template name="base_ex_key"/>

            <text style="text_ab_title">
				<placement x="%col1_x_indent%" y="%ab_bc_y%"/>
				<text>{@backup_short_hdr}</text>
			</text>

			<text style="text_ab_title">
				<placement x="%col1_x_indent%" y="%row1_2_y%" placement="2"/>
				<text>{@encryption_hdr}</text>
			</text>

			<text style="text_ab_subtitle">
				<placement x="%col1_x_indent%" y="%row1_2_y%"/>
				<text>{@backup_encrypt_data_info}</text>
			</text>

			<text style="caption_hl">
				<placement x="%col1_x_caption%" y="%row2_1a_y%"/>
				<text>{@set_password}</text>
			</text>

			<input>
				<placement x="%col1_x_caption%" y="%row2_2a_y%" w="%input_w%" h="%input_height%"/>
				<text>%tw_backup_encrypt_display%</text>
				<data name="tw_backup_password" mask="*" maskvariable="tw_backup_encrypt_display"/>
				<restrict minlen="1" maxlen="32" allow="abcdefghijklmnopqrstuvwxyzABCDEFGHIJKLMNOPQRSTUVWXYZ1234567890_"/>
				<action function="page">backup_encryption2</action>
			</input>

			<fill color="%accent%">
				<condition var1="tw_password_not_match" op="!=" var2="1"/>
				<placement x="%col1_x_caption%" y="%row2_3a_y%" w="%input_w%" h="%input_line_height%" placement="1"/>
			</fill>

			<fill color="%text_fail%">
				<condition var1="tw_password_not_match" var2="1"/>
				<placement x="%col1_x_caption%" y="%row2_3a_y%" w="%input_w%" h="%input_line_height%" placement="1"/>
			</fill>

			<text style="text_input_fail">
				<condition var1="tw_password_not_match" var2="1"/>
				<placement x="%col1_x_caption%" y="%row2_3a_y%"/>
				<text>{@pass_not_match}</text>
			</text>

			<template name="gestures_key"/>

			<action>
				<touch key="home"/>
				<action function="set">tw_encrypt_backup=0</action>
				<action function="set">tw_backup_password=</action>
				<action function="set">tw_backup_password2=</action>
				<action function="page">main</action>
			</action>

			<action>
				<touch key="back"/>
				<action function="set">tw_encrypt_backup=0</action>
				<action function="set">tw_backup_password=</action>
				<action function="set">tw_backup_password2=</action>
				<action function="page">backup</action>
			</action>
		</page>

		<page name="backup_encryption2">
			<template name="base_ex_key"/>

            <text style="text_ab_title">
				<placement x="%col1_x_indent%" y="%ab_bc_y%"/>
				<text>{@backup_short_hdr}</text>
			</text>

			<text style="text_ab_title">
				<placement x="%col1_x_indent%" y="%row1_2_y%" placement="2"/>
				<text>{@encryption_hdr}</text>
			</text>

			<text style="text_ab_subtitle">
				<placement x="%col1_x_indent%" y="%row1_2_y%"/>
				<text>{@backup_encrypt_data_info}</text>
			</text>

			<text style="caption_hl">
				<placement x="%col1_x_caption%" y="%row2_1a_y%"/>
				<text>{@verifying_pas}</text>
			</text>

			<input>
				<placement x="%col1_x_caption%" y="%row2_2a_y%" w="%input_w%" h="%input_height%"/>
				<text>%tw_backup_encrypt_display2%</text>
				<data name="tw_backup_password2" mask="*" maskvariable="tw_backup_encrypt_display2"/>
				<restrict minlen="1" maxlen="32" allow="abcdefghijklmnopqrstuvwxyzABCDEFGHIJKLMNOPQRSTUVWXYZ1234567890_"/>
				<action function="page">checkbackuppassword</action>
			</input>

			<fill color="%accent%">
				<placement x="%col1_x_caption%" y="%row2_3a_y%" w="%input_w%" h="%input_line_height%" placement="1"/>
			</fill>
			
			<template name="gestures_key"/>

			<action>
				<touch key="home"/>
				<action function="set">tw_encrypt_backup=0</action>
				<action function="set">tw_backup_password=</action>
				<action function="set">tw_backup_password2=</action>
				<action function="page">main</action>
			</action>

			<action>
				<touch key="back"/>
				<action function="set">tw_encrypt_backup=0</action>
				<action function="set">tw_backup_password=</action>
				<action function="set">tw_backup_password2=</action>
				<action function="page">backup_encryption</action>
			</action>
		</page>

		<page name="checkbackuppassword">
			<action>
				<condition var1="tw_backup_password" var2="tw_backup_password2"/>
				<action function="set">tw_encrypt_backup=1</action>
				<action function="set">tw_password_not_match=0</action>
				<action function="page">backup</action>
			</action>

			<action>
				<condition var1="tw_backup_password" op="!=" var2="tw_backup_password2"/>
				<action function="page">checkbackuppassword2</action>
			</action>
		</page>

		<page name="checkbackuppassword2">
			<action>
				<action function="set">tw_backup_password=</action>
				<action function="set">tw_backup_password2=</action>
				<action function="set">tw_encrypt_backup=0</action>
				<action function="set">tw_password_not_match=1</action>
				<action function="page">backup_encryption</action>
			</action>
		</page>

		<page name="backup_run">
			<template name="base_console"/>

			<text style="text_ab_title">
				<placement x="%col1_x_indent%" y="%ab_bc_y%"/>
				<text>{@backup_short_hdr}</text>
			</text>

			<text style="text_ab_title">
				<condition var1="tw_partition"/>
				<placement x="%col1_x_indent%" y="%row1_2_y%" placement="2"/>
				<text>%tw_partition%</text>
			</text>

			<text style="text_ab_title">
				<condition var1="tw_partition" op="!="/>
				<placement x="%col1_x_indent%" y="%row1_2_y%" placement="2"/>
				<text>{@backing}</text>
			</text>
			
			<text style="text_ab_subtitle">
				<condition var1="tw_size_progress"/>
				<condition var1="tw_file_progress" op="!="/>
				<placement x="%col1_x_indent%" y="%row1_2_y%"/>
				<text>%tw_size_progress%</text>
			</text>

			<text style="text_ab_subtitle">
				<condition var1="tw_size_progress"/>
				<condition var1="tw_file_progress"/>
				<placement x="%col1_x_indent%" y="%row1_2_y%"/>
				<text>%tw_file_progress% %tw_size_progress%</text>
			</text>

			<text style="text_ab_subtitle">
				<condition var1="tw_size_progress" op="!="/>
				<placement x="%col1_x_indent%" y="%row1_2_y%"/>
				<text>{@lang_wait}</text>
			</text>
			
			<button style="actionbar">
				<condition var1="tw_busy" var2="1"/>
				<placement x="%ab_back_x%" y="%ab_y%" placement="4"/>
				<action function="cancelbackup"/>
			</button>

			<image>
				<condition var1="tw_busy" var2="1"/>
				<placement x="%ab_back_x%" y="%ab_y%" placement="4"/>
				<image resource="actionbar_cancel"/>
			</image>

			<action>
				<action function="nandroid">backup</action>
			</action>

			<action>
				<condition var1="tw_operation_state" var2="1"/>
				<action function="page">backup_action_complete</action>
			</action>
		</page>
		
		<page name="backup_digest">
			<template name="base_console_cancel"/>

			<text style="text_ab_title">
				<placement x="%col1_x_indent%" y="%ab_bc_y%"/>
				<text>{@backup_short_hdr}</text>
			</text>

			<text style="text_ab_title">
				<placement x="%col1_x_indent%" y="%row1_2_y%" placement="2"/>
				<text>{@backing}</text>
			</text>

			<text style="text_ab_subtitle">
				<placement x="%col1_x_indent%" y="%row1_2_y%"/>
				<text>{@digest_creating}</text>
			</text>

			<action>
				<action function="generatedigests"/>
			</action>

			<action>
				<condition var1="tw_operation_state" var2="1"/>
				<action function="page">backup_action_complete</action>
			</action>
		</page>

		<page name="backup_action_complete">
			<template name="base_done"/>

			<text style="text_ab_title">
				<placement x="%col1_x_indent%" y="%ab_bc_y%"/>
				<text>{@backup_short_hdr}</text>
			</text>

			<text style="text_ab_subtitle">
				<condition var1="tw_cancel_backup" op="!=" var2="1"/>
				<placement x="%col1_x_indent%" y="%row1_2_y%"/>
				<text>{@backup_complete}</text>
			</text>

			<text style="text_ab_subtitle">
				<condition var1="tw_cancel_backup" var2="1"/>
				<placement x="%col1_x_indent%" y="%row1_2_y%"/>
				<text>{@backup_cancel}</text>
			</text>

			<button style="btn_raised">
				<condition var1="fox_show_digest_btn" op="!=" var2="1"/>
				<placement x="%btn_raised_left_x%" y="%row_btn1_y%"/>
				<text>{@back_btn}</text>
				<action function="page">main</action>
			</button>

			<button style="btn_raised">
				<condition var1="fox_show_digest_btn" var2="1"/>
				<placement x="%btn_raised_left_x%" y="%row_btn1_y%"/>
				<text>{@digest_btn}</text>
				<action function="disableled"/>
				<action function="page">backup_digest</action>
			</button>

			<template name="gestures"/>

			<action>
				<touch key="home"/>
				<action function="page">main</action>
			</action>

			<action>
				<touch key="back"/>
				<action function="page">main</action>
			</action>
		</page>
	</pages>
</recovery>