<?xml version="1.0"?>
<recovery>
	<pages>
		<page name="menu">
			<background color="%background%"/>
			<template name="navbar_bkg"/>
			
			<button>
				<fill color="%background%"/>
				<placement x="0" y="0" w="%screen_w%" h="%screen_h%"/>
				<action function="key">back</action>
			</button>

			<image>
				<condition var1="show_shadow" var2="1"/>
				<placement x="0" y="%down_menu_y%" placement="2"/>
				<image resource="nav_shadow"/>
			</image>
			
			<fill color="%linecolor%">
				<condition var1="show_shadow" var2="2"/>
				<placement x="0" y="%down_menu_y%" w="1080" h="2"/>
			</fill>

			<listbox style="settingslist">
				<background color="%title_solid_bg%"/>
				<iconsize w="%col1_x_caption%" h="%bl_h1%" padding="25"/>
				<placement x="0" y="%down_menu_y%" w="%screen_w%" h="%bl_h3%"/>
				<listitem name="{@files_auto_open}">
					<data variable="fm_auto_open"/>
				</listitem>
				<listitem name="{@files_show_hidden}">
					<data variable="tw_hidden_files"/>
				</listitem>
				<listitem name="{@fm_icons_simple}">
					<data variable="list_font"/>
				</listitem>
			</listbox>

			<listbox style="btn_list">
				<background color="%title_solid_bg%"/>
				<placement x="0" y="%down_menu_btn_y%" w="%screen_w%" h="%bl_h4%"/>
				<listitem name="{@batch_title}">
					<icon res="batch"/>
					<action function="overlay"/>
					<action function="set">of_batch_folders=</action>
					<action function="set">of_batch_files=</action>
					<action function="set">of_batch_count=0</action>
					<action function="set">tw_reload_fm=1</action>
					<action function="page">fm_multiselection</action>
				</listitem>
				<listitem name="{@fm_mkdir}">
					<icon res="bs_adv_aroma"/>
					<action function="overlay"/>
					<action function="set">mkdir_folder=</action>
					<action function="page">files_mkdir</action>
				</listitem>
				<listitem name="{@fm_action_folder} %tw_filename1%">
					<icon res="nav_files_d"/>
					<condition var1="tw_file_location1" op="!=" var2="/"/>
					<action function="overlay"/>
					<action function="set">tw_filename1=tw_file_location1</action>
					<action function="set">tw_fm_isfolder=1</action>
					<action function="page">filemanageroptions</action>
				</listitem>
			</listbox>

			<fill color="%linecolor%">
				<placement x="%col1_x_caption%" y="%down_menu_btn_y%" w="%content_w%" h="%input_line_height%"/>
			</fill>

			<template name="keys"/>
			<template name="statusbarinfo"/>
			<template name="navbar_bkg_nobg"/>
			<template name="navbar"/>
			<template name="gestures"/>

			<action>
				<touch key="home"/>
				<action function="page">filemanagerlist</action>
			</action>

			<action>
				<touch key="back"/>
				<action function="page">filemanagerlist</action>
			</action>
		</page>

		<page name="menu_sort">
			<template name="dialog_body"/>

			<button>
				<placement x="%screen_w%" y="%ab_menu_y%" placement="1"/>
				<image resource="menu_sort"/>
			</button>

			<template name="sort_base"/>
		</page>

		<page name="fm_sort">
			<template name="dialog_body"/>

			<button>
				<placement x="%screen_w%" y="%ab_menu_y%" placement="1"/>
				<image resource="fm_sort"/>
			</button>

			<template name="sort_base"/>

			<!-- All -->
			<button style="menu_btn_sort">
				<placement x="%ab_menu_sort_x%" y="%ab_menu_btn_4_y%" w="%ab_menu_sort_btn_w%" h="%ab_menu_sort_btn_h%"/>
				<action function="set">fm_type_sort=</action>
			</button>

			<text style="menu_text">
				<placement x="%ab_menu_sort_text_x%" y="%ab_menu_inst_4_text_y%"/>
				<text>{@sort_ex_all}</text>
			</text>

			<image>
				<condition var1="fm_type_sort" op="!="/>
				<placement x="%ab_menu_x%" y="%ab_menu_inst_4_y%" placement="4"/>
				<image resource="sort_select"/>
			</image>
			<!---->

			<!-- zip -->
			<button style="menu_btn_sort">
				<placement x="%ab_menu_sort_x%" y="%ab_menu_btn_5_y%" w="%ab_menu_sort_btn_w%" h="%ab_menu_sort_btn_h%"/>
				<action function="set">fm_type_sort=.zip;.ozip</action>
			</button>

			<text style="menu_text">
				<placement x="%ab_menu_sort_text_x%" y="%ab_menu_inst_5_text_y%"/>
				<text>{@sort_ex_zip}</text>
			</text>

			<image>
				<condition var1="fm_type_sort" var2=".zip;.ozip"/>
				<placement x="%ab_menu_x%" y="%ab_menu_inst_5_y%" placement="4"/>
				<image resource="sort_select"/>
			</image>
			<!---->

			<!-- img -->
			<button style="menu_btn_sort">
				<placement x="%ab_menu_sort_x%" y="%ab_menu_btn_6_y%" w="%ab_menu_sort_btn_w%" h="%ab_menu_sort_btn_h%"/>
				<action function="set">fm_type_sort=.img</action>
			</button>
			
			<text style="menu_text">
				<placement x="%ab_menu_sort_text_x%" y="%ab_menu_inst_6_text_y%"/>
				<text>{@sort_ex_img}</text>
			</text>

			<image>
				<condition var1="fm_type_sort" var2=".img"/>
				<placement x="%ab_menu_x%" y="%ab_menu_inst_6_y%" placement="4"/>
				<image resource="sort_select"/>
			</image>
			<!---->
		</page>

		<page name="dialog_magisk_not_found">
			<template name="dialog_body"/>

			<button>
				<placement x="%bg_storage_x%" y="%bg_storage_y%"/>
				<image resource="dialog_bg"/>
			</button>

			<text style="text_dlg_title">
				<placement x="%bg_storage_hdr_x%" y="%bg_storage_hdr_y%"/>
				<text>{@magisk_not_found}</text>
			</text>

			<text style="text_body1">
				<placement x="%bg_storage_hdr_x%" y="%db_text1_y%"/>
				<text>{@magisk_not_found_1}</text>
			</text>

			<text style="text_body1">
				<placement x="%bg_storage_hdr_x%" y="%db_text2_y%"/>
				<text>{@magisk_not_found_2}</text>
			</text>

			<text style="text_body1">
				<placement x="%bg_storage_hdr_x%" y="%db_text3_y%"/>
				<text>{@magisk_not_found_3}</text>
			</text>

			<button style="btn_dlg">
				<placement x="%db_left_x%" y="%db_y%"/>
				<text>{@cancel_btn}</text>
				<action function="overlay"/>
			</button>

			<button style="btn_dlg_hl">
				<placement x="%db_right_x%" y="%db_y%"/>
				<text>{@ok_btn}</text>
				<actions>
					<action function="overlay"/>
					<action function="set">install_back=advanced</action>
					<action function="page">mod_magisk</action>
				</actions>
			</button>

			<action>
				<touch key="home"/>
				<action function="page">main</action>
			</action>

			<action>
				<touch key="back"/>
				<action function="overlay"/>
			</action>
		</page>
		
		<page name="dialog_reset_average">
			<template name="dialog_body"/>

			<button>
				<placement x="%bg_storage_x%" y="%bg_storage_y%"/>
				<image resource="dialog_bg"/>
			</button>

			<text style="text_dlg_title">
				<placement x="%bg_storage_hdr_x%" y="%bg_storage_hdr_y%"/>
				<text>{@backup_av}</text>
			</text>

			<text style="text_body1">
				<placement x="%bg_storage_hdr_x%" y="%db_text1_y%"/>
				<text>{@backup_av1}</text>
			</text>

			<text style="text_body1">
				<placement x="%bg_storage_hdr_x%" y="%db_text2_y%"/>
				<text>{@backup_av2}</text>
			</text>

			<text style="text_body1">
				<placement x="%bg_storage_hdr_x%" y="%db_text3_y%"/>
				<text>{@backup_av3}</text>
			</text>

			<button style="btn_dlg">
				<placement x="%db_left_x%" y="%db_y%"/>
				<text>{@cancel_btn}</text>
				<action function="overlay"/>
			</button>

			<button style="btn_dlg_hl">
				<placement x="%db_right_x%" y="%db_y%"/>
				<text>{@ok_btn}</text>
				<action function="set">of_average_img=42</action>
				<action function="set">of_average_file=30</action>
				<action function="set">of_average_ext_img=15</action>
				<action function="set">of_average_ext_file=10</action>
				<action function="overlay"/>
			</button>

			<action>
				<touch key="home"/>
				<action function="page">main</action>
			</action>

			<action>
				<touch key="back"/>
				<action function="overlay"/>
			</action>
		</page>

		<page name="dialog_lost_info">
			<template name="dialog_body"/>

			<button>
				<placement x="%bg_storage_x%" y="%bg_storage_y%"/>
				<image resource="dialog_bg"/>
			</button>

			<text style="text_dlg_title">
				<placement x="%bg_storage_hdr_x%" y="%bg_storage_hdr_y%"/>
				<text>{@hint_ffiles_missing1}</text>
			</text>

			<text style="text_body1">
				<placement x="%bg_storage_hdr_x%" y="%db_text1_y%"/>
				<text>{@hint_ffiles_missing2}</text>
			</text>

			<text style="text_body1">
				<placement x="%bg_storage_hdr_x%" y="%db_text2_y%"/>
				<text>{@hint_ffiles_missing3}</text>
			</text>

			<text style="text_body1">
				<placement x="%bg_storage_hdr_x%" y="%db_text3_y%"/>
				<text>{@hint_ffiles_missing4}</text>
			</text>
			<text style="text_body1">
				<placement x="%bg_storage_hdr_x%" y="%db_text4_y%"/>
				<text>{@hint_ffiles_missing5}</text>
			</text>

			<button style="btn_dlg">
				<placement x="%db_left_x%" y="%db_y%"/>
				<text>{@hide_btn}</text>
				<action function="set">of_hide_data_hint=1</action>
				<action function="overlay"/>
			</button>

			<button style="btn_dlg_hl">
				<placement x="%db_right_x%" y="%db_y%"/>
				<text>{@ok_btn}</text>
				<action function="overlay"/>
			</button>

			<action>
				<touch key="home"/>
				<action function="page">main</action>
			</action>

			<action>
				<touch key="back"/>
				<action function="overlay"/>
			</action>
		</page>

		<page name="dialog_app">
			<template name="dialog_body"/>

			<button>
				<placement x="%bg_storage_x%" y="%bg_storage_y%"/>
				<image resource="dialog_bg"/>
			</button>

			<text style="text_dlg_title">
				<placement x="%bg_storage_hdr_x%" y="%bg_storage_hdr_y%"/>
				<text>{@try_app}</text>
			</text>

			<text style="text_body1">
				<placement x="%bg_storage_hdr_x%" y="%db_text1_y%"/>
				<text>{@try_app_2}</text>
			</text>

			<text style="text_body1">
				<placement x="%bg_storage_hdr_x%" y="%db_text2_y%"/>
				<text>{@try_app_3}</text>
			</text>

			<text style="text_body1">
				<placement x="%bg_storage_hdr_x%" y="%db_text3_y%"/>
				<text>{@try_app_4}</text>
			</text>

			<text style="text_body1">
				<placement x="%bg_storage_hdr_x%" y="%db_text4_y%"/>
				<text>{@try_app_5}</text>
			</text>

			<button style="btn_dlg">
				<placement x="%db_left_x%" y="%db_y%"/>
				<text>{@hide_btn}</text>
				<action function="set">of_hide_app_hint=1</action>
				<action function="overlay"/>
			</button>

			<button style="btn_dlg_hl">
				<placement x="%db_right_x%" y="%db_y%"/>
				<text>{@ok_btn}</text>
				<action function="overlay"/>
			</button>

			<action>
				<touch key="home"/>
				<action function="page">main</action>
			</action>

			<action>
				<touch key="back"/>
				<action function="overlay"/>
			</action>
		</page>

		<page name="dialog_error_partition">
			<template name="dialog_body"/>

			<button>
				<placement x="%bg_storage_x%" y="%bg_storage_y%"/>
				<image resource="dialog_bg"/>
			</button>

			<text style="text_dlg_title">
				<placement x="%bg_storage_hdr_x%" y="%bg_storage_hdr_y%"/>
				<text>{@part_menu_hdr}</text>
			</text>

			<text style="text_body1">
				<placement x="%bg_storage_hdr_x%" y="%db_text1_y%"/>
				<text>{@part_fs_error_1}</text>
			</text>

			<text style="text_body1">
				<placement x="%bg_storage_hdr_x%" y="%db_text2_y%"/>
				<text>{@part_fs_error_2}</text>
			</text>

			<button style="btn_dlg_hl">
				<placement x="%db_right_x%" y="%db_y%"/>
				<text>{@ok_btn}</text>
				<actions>
					<action function="overlay"/>
				</actions>
			</button>

			<action>
				<touch key="home"/>
				<action function="page">main</action>
			</action>

			<action>
				<touch key="back"/>
				<action function="overlay"/>
			</action>
		</page>

		<page name="pass_error">
			<template name="dialog_body"/>

			<button>
				<placement x="%bg_storage_x%" y="%bg_storage_y%"/>
				<image resource="dialog_bg"/>
			</button>

			<text style="text_dlg_title">
				<placement x="%bg_storage_hdr_x%" y="%bg_storage_hdr_y%"/>
				<text>{@enter_password_cptn}</text>
			</text>

			<text style="text_body1">
				<placement x="%bg_storage_hdr_x%" y="%db_text1_y%"/>
				<text>{@pass_encrypt_error1}</text>
			</text>

			<text style="text_body1">
				<placement x="%bg_storage_hdr_x%" y="%db_text2_y%"/>
				<text>{@pass_encrypt_error2}</text>
			</text>

			<button style="btn_dlg_hl">
				<placement x="%db_right_x%" y="%db_y%"/>
				<text>{@ok_btn}</text>
				<action function="overlay"/>
			</button>

			<action>
				<touch key="home"/>
				<action function="page">main</action>
			</action>

			<action>
				<touch key="back"/>
				<action function="overlay"/>
			</action>
		</page>
	</pages>
</recovery>