<?xml version="1.0"?>
<recovery>
	<pages>
		<page name="filemanagerlist">
			<action>
				<action function="set">nav_panel_id=0</action>
				<action function="set">tw_hold=0</action>
			</action>

			<!-- Crutch to make input fields update -->
			<action>
				<condition var1="startup" op="!=" var2="1"/>
				<condition var1="tw_file_location1" op="modified"/>
				<action function="page">filemanagerlist</action>
				<action function="set">startup=1</action>
			</action>

			<!-- All files -->
			<fileselector style="fileselector_b">
				<condition var1="list_font" var2="1"/>
				<placement x="0" y="%search_files_y%" w="%fileselector_width%" h="%search_files_h%"/>
				<sort name="tw_gui_sort_order"/>
				<icon folder="folder_icon" file="file_icon" />
				<filter folders="1" files="1" extnvar="fm_type_sort"/>
				<path name="tw_file_location1" default="/sdcard"/>
				<data name="tw_filename1"/>
				<selection name="tw_selection1"/>
				<extra hold="tw_hold" double="1"/>
			</fileselector>

			<fileselector style="fileselector_s">
				<condition var1="list_font" op="!=" var2="1"/>
				<placement x="0" y="%search_files_y%" w="%fileselector_width%" h="%search_files_h%"/>
				<sort name="tw_gui_sort_order"/>
				<icon folder="folder_icon_small" file="file_icon_small"/>
				<filter folders="1" files="1" extnvar="fm_type_sort"/>
				<path name="tw_file_location1" default="/sdcard"/>
				<data name="tw_filename1"/>
				<selection name="tw_selection1"/>
				<extra hold="tw_hold" double="1"/>
			</fileselector>

			<image>
				<condition var1="show_shadow" var2="1"/>
				<placement x="0" y="%search_files_y%"/>
				<image resource="actionbar_shadow"/>
			</image>

			<fill color="%linecolor%">
				<condition var1="show_shadow" var2="2"/>
				<placement x="0" y="%search_files_y%" w="1080" h="2" />
			</fill>
			
			<template name="body_nav"/>
			<template name="base_nav_basic"/>

			
			<template name="navbar_bkg_nobg"/>
			<template name="navbar_home"/>
			<template name="navbar_console"/>
			<template name="navbar_back_cls"/>
			
			<button>
				<placement x="0" y="%search_bar_y%" />
				<image resource="search_bar"/>
				<condition var1="darker_ui" op="!=" var2="1"/>
				<action function="set">tw_name_filter=</action>
				<action function="page">file_search</action>
			</button>
			
			<button>
				<placement x="0" y="%search_bar_y%" />
				<image resource="search_bar"/>
				<condition var1="darker_ui" var2="1"/>
				<action function="set">tw_name_filter=</action>
				<action function="page">file_dark_search</action>
			</button>

			<text>
				<font resource="body1" color="%color_disable%"/>
				<placement x="%col1_x_indent%" y="%ab_search_text_y%" />
				<text>{@search_help}</text>
			</text>

			<text>
				<font resource="body1" color="%color_disable%"/>
				<placement x="136" y="%path_y%"/>
				<limit length="38"/>
				<text>%tw_file_location1%</text>
			</text>

			<!--arrow-->
			<image>
				<condition var1="theme_pie" var2="1"/>
				<placement x="68" y="%path_arrow_y%" placement="4"/>
				<image resource="back_key_pie"/>
			</image>
			<image>
				<condition var1="theme_pie" op="!=" var2="1"/>
				<condition var1="theme_style" op="!=" var2="Light"/>
				<placement x="68" y="%path_arrow_y%" placement="4"/>
				<image resource="back_white_key_pie"/>
			</image>
			<image>
				<condition var1="theme_pie" op="!=" var2="1"/>
				<condition var1="theme_style" var2="Light"/>
				<placement x="68" y="%path_arrow_y%" placement="4"/>
				<image resource="quick_arrow_black"/>
			</image>
			<!--arrow-->

			<button style="menu_btn">
				<condition var1="darker_ui" op="!=" var2="1"/>
				<placement x="0" y="%path_y%" w="1080" h="92" />
				<action function="set">tw_filename1=tw_file_location1</action>
				<action function="set">tw_file_location1_tmp=tw_file_location1</action>
				<action function="set">tw_fm_isfolder=1</action>
				<action function="page">file_quick_actions</action>
			</button>
			<button style="menu_btn">
				<condition var1="darker_ui" var2="1"/>
				<placement x="0" y="%path_y%" w="1080" h="92" />
				<action function="set">tw_filename1=tw_file_location1</action>
				<action function="set">tw_file_location1_tmp=tw_file_location1</action>
				<action function="set">tw_fm_isfolder=1</action>
				<action function="page">file_quick_actions_dark</action>
			</button>
			
			<button style="actionbar">
				<placement x="816" y="%ab_search_y%" placement="4"/>
				<action function="overlay">fm_sort</action>
			</button>

			<image>
				<placement x="816" y="%ab_search_y%" placement="4"/>
				<image resource="actionbar_sort"/>
			</image>

			<image>
				<placement x="132" y="%ab_search_y%" placement="4"/>
				<image resource="actionbar_search"/>
			</image>

			<button style="actionbar">
				<placement x="954" y="%ab_search_y%" placement="4"/>
				<action function="page">menu</action>
			</button>

			<image>
				<placement x="954" y="%ab_search_y%" placement="4"/>
				<image resource="actionbar_menu"/>
			</image>
			
			<image>
				<condition var1="of_empty_dir" op="&gt;=" var2="1"/>
				<placement x="%center_x%" y="%center_y%" placement="4"/>
				<image resource="empty_box"/>
			</image>

			<text>
				<condition var1="of_empty_dir" var2="1"/>
				<font resource="Secondary" color="%color_disable%"/>
				<placement x="%center_x%" y="%empty_text_y%" placement="4"/>
				<text>{@info_dir_empty}</text>
			</text>
			<text>
				<condition var1="of_empty_dir" var2="2"/>
				<font resource="Secondary" color="%color_disable%"/>
				<placement x="%center_x%" y="%empty_text_y%" placement="4"/>
				<text>{@info_dir_empty_hidden}</text>
			</text>

			<action>
				<condition var1="tw_filename1" op="modified"/>
				<condition var1="fm_auto_open" op="!=" var2="1"/>
				<action function="page">filemanageroptions</action>
			</action>

			<action>
				<condition var1="tw_hold" var2="1"/>
				<condition var1="fm_auto_open" var2="1"/>
				<action function="page">filemanageroptions</action>
			</action>
			
			<action>
				<condition var1="tw_filename1" op="modified"/>
				<condition var1="fm_auto_open" var2="1"/>
				<action function="set">tw_back=filemanagerlist</action>
				<action function="set">tw_fm_isfolder=0</action>
				<action function="set">tw_file_extension=</action>
				<action function="set">fex_found=0</action>
				<action function="fileextension">%tw_selection1%</action>
				<action function="page">files_redirect</action>
			</action>
			
			<!-- Quick Actions menu -->
			<!--image>
				<condition var1="theme_pie" var2="1"/>
				<placement x="600" y="%ab_y%" placement="4"/>
				<image resource="back_key_pie"/>
			</image>
			<image>
				<condition var1="theme_pie" op="!=" var2="1"/>
				<condition var1="theme_style" op="!=" var2="Light"/>
				<placement x="600" y="%ab_y%" placement="4"/>
				<image resource="back_white_key_pie"/>
			</image>
			<image>
				<condition var1="theme_pie" op="!=" var2="1"/>
				<condition var1="theme_style" var2="Light"/>
				<placement x="600" y="%ab_y%" placement="4"/>
				<image resource="quick_arrow_black"/>
			</image-->

			<template name="navbar_back_fm"/>

			<template name="gestures"/>

			<action>
				<touch key="home"/>
				<action function="set">tw_file_location1=/sdcard</action>
			</action>

			<action>
				<touch key="back"/>
				<action function="up_a_level">tw_file_location1</action>
			</action>
		</page>

		<page name="file_quick_actions">
			<template name="files_qa_base"/>
			<input>
				<background color="%background%"/>
				<placement x="%col1_x_indent%" y="%ab_bc_search_y%"  w="816" h="%input_height%"/>
				<data name="tw_file_location1_tmp"/>
				<text>%tw_file_location1_tmp%</text>
				<action function="set">tw_file_location1=tw_file_location1_tmp</action>
				<action function="page">filemanagerlist</action>
			</input>
		</page>

		<page name="file_quick_actions_dark">
			<template name="files_qa_base"/>
			<input>
				<background color="%title_solid_bg%"/>
				<placement x="%col1_x_indent%" y="%ab_bc_search_y%"  w="816" h="%input_height%"/>
				<data name="tw_file_location1_tmp"/>
				<text>%tw_file_location1_tmp%</text>
				<action function="set">tw_file_location1=tw_file_location1_tmp</action>
				<action function="page">filemanagerlist</action>
			</input>
		</page>

		<page name="select_path">
			<template name="files_sp_base"/>
			<input>
				<background color="%background%"/>
				<placement x="%col1_x_indent%" y="%ab_bc_search_y%"  w="816" h="%input_height%"/>
				<data name="location_input_tmp"/>
				<text>%location_input_tmp%</text>
				<action function="set">tw_zip_location_tmp=location_input_tmp</action>
				<action function="page">%sp_back%</action>
			</input>
		</page>

		<page name="select_path_dark">
			<template name="files_sp_base"/>
			<input>
				<background color="%title_solid_bg%"/>
				<placement x="%col1_x_indent%" y="%ab_bc_search_y%"  w="816" h="%input_height%"/>
				<data name="location_input_tmp"/>
				<text>%location_input_tmp%</text>
				<action function="set">tw_zip_location_tmp=location_input_tmp</action>
				<action function="page">%sp_back%</action>
			</input>
		</page>

		<page name="files_mkdir">
			<template name="base_ex_key"/>

			<text style="text_ab_title">
				<placement x="%col1_x_indent%" y="%ab_bc_y%"/>
				<text>{@fm_hdr}</text>
			</text>

			<text style="text_ab_title">
				<placement x="%col1_x_indent%" y="%row1_2_y%" placement="2"/>
				<text>{@fm_mkdir}</text>
			</text>

			<text style="text_ab_subtitle_lim">
				<placement x="%col1_x_indent%" y="%row1_2_y%"/>
				<text>{@in} %tw_file_location1%</text>
			</text>

			<text style="caption_hl">
				<placement x="%col1_x_caption%" y="%row2_1a_y%"/>
				<text>{@fm_mkdir_folder}</text>
			</text>

			<input>
				<placement x="%col1_x_caption%" y="%row2_2a_y%" w="%input_w%" h="%input_height%"/>
				<text>%tw_filemanager_rename%</text>
				<data name="mkdir_folder"/>
				<restrict minlen="1" maxlen="32" allow="abcdefghijklmnopqrstuvwxyzABCDEFGHIJKLMNOPQRSTUVWXYZ1234567890-_.{}[]() " />
				<actions>
					<action function="overlay"/>
					<action function="terminalcommand">mkdir '%tw_file_location1%/%mkdir_folder%'</action>
					<action function="set">mkdir_folder=</action>
					<action function="page">filemanagerlist</action>
				</actions>
			</input>

			<fill color="%accent%">
				<placement x="%col1_x_caption%" y="%row2_3a_y%" w="%input_w%" h="%input_line_height%" placement="1"/>
			</fill>

			<template name="gestures_key"/>

			<action>
				<touch key="home"/>
				<action function="page">main</action>
			</action>

			<action>
				<touch key="back"/>
				<action function="page">filemanagerlist</action>
			</action>
		</page>

		<page name="fm_multiselection">
			<fileselector style="fileselector_s">
				<iconsize w="%col1_x_caption%" h="%bl_h1%" padding="25"/>
				<placement x="0" y="%ab_h%" w="%fileselector_width%" h="%bl_fullscreen_h%"/>
				<sort name="tw_gui_sort_order"/>
				<exicon select="checkbox_true" unselect="checkbox_false" />
				<filter folders="1" files="1" extnvar="fm_type_sort" nav="0"/>
				<path name="tw_file_location1" default="/sdcard"/>
				<data name="tw_filename1"/>
				<selection name="tw_selection1"/>
				<extra multi="1"/>
			</fileselector>
			
			<template name="base"/>

			<text style="text_ab_title">
				<placement x="%col1_x_indent%" y="%ab_bc_y%"/>
				<text>{@batch_selected}</text>
			</text>
			
			<button style="actionbar">
				<placement x="%ab_btn1_x%" y="%ab_y%" placement="4"/>
				<action function="set">of_batch_folders=</action>
				<action function="set">of_batch_files=</action>
				<action function="set">of_batch_count=0</action>
			</button>
			
			<image>
				<placement x="%ab_btn1_x%" y="%ab_y%" placement="4"/>
				<image resource="actionbar_cancel"/>
			</image>

			<image>
				<condition var1="of_batch_count" op="&gt;=" var2="1"/>
				<placement x="%btn_float_x%" y="%btn_float_y%" placement="4"/>
				<image resource="fab_shadow"/>
			</image>

			<button style="floating_btn">
				<condition var1="of_batch_count" op="&gt;=" var2="1"/>
				<placement x="%btn_float_x%" y="%btn_float_y%" placement="4"/>
				<action function="set">of_is_batch=1</action>
				<action function="page">fm_ms_actions</action>
			</button>
			
			<image>
				<condition var1="of_batch_count" op="&gt;=" var2="1"/>
				<placement x="%btn_float_x%" y="%btn_float_y%" placement="4"/>
				<image resource="fab_accept"/>
			</image>

			<template name="gestures"/>

			<action>
				<touch key="home"/>
				<action function="page">filemanagerlist</action>
			</action>

			<action>
				<touch key="back"/>
				<action function="page">filemanagerlist</action>
			</action>
		</page>

		<page name="fm_ms_actions">

			<listbox style="btn_list">
				<placement x="0" y="%ab_ex_h%" w="%screen_w%" h="%bl_files_h%"/>
				<listitem name="{@fm_copy_btn}">
					<icon res="bs_btn_copy"/>
					<action function="set">of_batch_cmd_d=cp -R</action>
					<action function="set">of_batch_cmd_f=cp</action>
					<action function="set">tw_fm_text1={@fm_copying}</action>
					<action function="set">tw_back=choosedestinationfolder</action>
					<action function="page">choosedestinationfolder</action>
				</listitem>
				<listitem name="{@fm_move_btn}">
					<icon res="bs_btn_cut"/>
					<action function="set">of_batch_cmd_d=mv</action>
					<action function="set">of_batch_cmd_f=mv</action>
					<action function="set">tw_fm_text1={@fm_moving}</action>
					<action function="set">tw_back=choosedestinationfolder</action>
					<action function="page">choosedestinationfolder</action>
				</listitem>
				<listitem name="{@fm_delete_btn}">
					<icon res="bs_btn_delete"/>
					<action function="set">of_batch_cmd_d=rm -rf</action>
					<action function="set">of_batch_cmd_f=rm -rf</action>
					<action function="set">tw_fm_text1={@fm_deleting}</action>
					<action function="set">tw_fm_text2=</action>
					<action function="set">tw_fm_text3=</action>
					<action function="set">tw_include_text3=0</action>
					<action function="set">tw_back=fm_ms_actions</action>
					<action function="page">filemanagerconfirm</action>
				</listitem>
			</listbox>

			<template name="base_ex"/>
			
			<text style="text_ab_title">
				<placement x="%col1_x_indent%" y="%ab_bc_y%"/>
				<text>{@fm_hdr}</text>
			</text>

			<text style="text_ab_title">
				<placement x="%col1_x_indent%" y="%row1_2_y%" placement="2"/>
				<text>{@batch_title}</text>
			</text>

			<text style="text_ab_subtitle">
				<placement x="%col1_x_indent%" y="%row1_2_y%"/>
				<text>{@batch_selected}</text>
			</text>

			<template name="gestures"/>

			<action>
				<touch key="home"/>
				<action function="page">main</action>
			</action>

			<action>
				<touch key="back"/>
				<action function="page">fm_multiselection</action>
			</action>
		</page>
		
		<page name="file_search">
			<template name="file_search_base"/>
			
			<input>
				<background color="%background%"/>
				<placement x="%col1_x_indent%" y="%ab_bc_search_y%"  w="816" h="%input_height%"/>
				<text>%tw_name_filter%</text>
				<data name="tw_name_filter"/>
				<action function="set">tw_reload_fm=1</action>
				<action function="page">file_search</action>
			</input>

			<text>
				<condition var1="tw_name_filter" op="!="/>
				<placement x="%col1_x_indent%" y="%ab_bc_search_y%"/>
				<font resource="body1" color="#66666666"/>
				<text>{@search_help}</text>
			</text>

			<action>
				<condition var1="tw_keyboard_press_key" var2="1"/>
				<action function="set">tw_reload_fm=1</action>
				<action function="set">tw_keyboard_press_key=0</action>
				<action function="page">file_search</action>
			</action>

			<template name="gestures_key"/>
		</page>
		
		<page name="file_dark_search">
			<template name="file_search_base"/>
			
			<input>
				<background color="%title_solid_bg%"/>
				<placement x="%col1_x_indent%" y="%ab_bc_search_y%"  w="816" h="%input_height%"/>
				<text>%tw_name_filter%</text>
				<data name="tw_name_filter"/>
				<action function="set">tw_reload_fm=1</action>
				<action function="page">file_dark_search</action>
			</input>
			
			<text>
				<condition var1="tw_name_filter" op="!="/>
				<placement x="%col1_x_indent%" y="%ab_bc_search_y%"/>
				<font resource="body1" color="#66666666"/>
				<text>{@search_help}</text>
			</text>

			<action>
				<condition var1="tw_keyboard_press_key" var2="1"/>
				<action function="set">tw_reload_fm=1</action>
				<action function="set">tw_keyboard_press_key=0</action>
				<action function="page">file_dark_search</action>
			</action>

			<template name="gestures_key"/>
		</page>
		
		<page name="files_redirect">
			<action>
				<condition var1="of_support_ozip_decryption" var2="1"/>
				<condition var1="tw_file_extension" var2="ozip"/>
				<actions>
					<action function="set">fex_found=1</action>
					<action function="queueclear"/>
					<action function="set">tw_file=%tw_selection1%</action>
					<action function="set">tw_filename=%tw_filename1%</action>
					<action function="set">install_back=filemanagerlist</action>
					<action function="set">tw_zip_location=%tw_file_location1%</action>
					<action function="queuezip"/>
					<action function="set">tw_q_1=%tw_file%</action>
					<action function="page">flash_confirm</action>
				</actions>
			</action>
			<action>
				<condition var1="tw_file_extension" var2="zip"/>
				<action function="set">fex_found=1</action>
				<action function="queueclear"/>
				<action function="set">tw_file=%tw_selection1%</action>
				<action function="set">tw_filename=%tw_filename1%</action>
				<action function="set">install_back=filemanagerlist</action>
				<action function="set">tw_zip_location=%tw_file_location1%</action>
				<action function="queuezip"/>
				<action function="set">tw_q_1=%tw_file%</action>
				<action function="page">flash_confirm</action>
			</action>

			<action>
				<condition var1="tw_file_extension" var2="img"/>
				<action function="set">fex_found=1</action>
				<action function="set">tw_file=%tw_selection1%</action>
				<action function="set">install_back=filemanagerlist</action>
				<action function="set">tw_filename=%tw_filename1%</action>
				<action function="set">tw_zip_location=%tw_file_location1%</action>
				<action function="set">tw_flash_partition=</action>
				<action function="set">tw_is_slot_part=0</action>
				<action function="page">flash_image_confirm</action>
			</action>

			<action>
				<condition var1="tw_file_extension" var2="win"/>
				<action function="set">fex_found=1</action>
				<action function="set">tw_file=%tw_selection1%</action>
				<action function="set">install_back=filemanagerlist</action>
				<action function="set">tw_filename=%tw_filename1%</action>
				<action function="set">tw_zip_location=%tw_file_location1%</action>
				<action function="set">tw_flash_partition=</action>
				<action function="set">tw_is_slot_part=0</action>
				<action function="page">flash_image_confirm</action>
			</action>

			<action>
				<condition var1="tw_file_extension" var2="txt"/>
				<action function="set">fex_found=1</action>
				<action function="page">cat_file</action>
			</action>

			<action>
				<condition var1="tw_file_extension" var2="prop"/>
				<action function="set">fex_found=1</action>
				<action function="page">cat_file</action>
			</action>

			<action>
				<condition var1="tw_file_extension" var2="json"/>
				<action function="set">fex_found=1</action>
				<action function="page">cat_file</action>
			</action>

			<action>
				<condition var1="tw_file_extension" var2="log"/>
				<condition var1="tw_filename1" op="!=" var2="/tmp/recovery.log"/>
				<action function="set">fex_found=1</action>
				<action function="page">cat_file</action>
			</action>

			<action>
				<condition var1="tw_file_extension" var2="apk"/>
				<action function="set">fex_found=1</action>
				<action function="set">tw_artype=0</action>
				<action function="set">tw_extract_action=0</action>
				<action function="page">archive_confirm</action>
			</action>

			<action>
				<condition var1="tw_file_extension" var2="tar"/>
				<action function="set">fex_found=1</action>
				<action function="set">tw_artype=1</action>
				<action function="set">tw_extract_action=0</action>
				<action function="page">archive_confirm</action>
			</action>

			<action>
				<condition var1="tw_file_extension" var2="gz"/>
				<action function="set">fex_found=1</action>
				<action function="set">tw_artype=3</action>
				<action function="set">tw_extract_action=0</action>
				<action function="page">archive_confirm</action>
			</action>

			<!--action>
				<condition var1="tw_file_extension" var2="bz2"/>
				<action function="set">fex_found=1</action>
				<action function="set">tw_artype=4</action>
				<action function="set">tw_extract_action=0</action>
				<action function="page">archive_confirm</action>
			</action>
			<action>
				<condition var1="tw_file_extension" var2="lzo"/>
				<action function="set">fex_found=1</action>
				<action function="set">tw_artype=6</action>
				<action function="set">tw_extract_action=0</action>
				<action function="page">archive_confirm</action>
			</action-->

			<action>
				<condition var1="tw_file_extension" var2="zz"/>
				<action function="set">fex_found=1</action>
				<action function="set">tw_artype=8</action>
				<action function="set">tw_extract_action=0</action>
				<action function="page">archive_confirm</action>
			</action>

			<action>
				<condition var1="tw_file_extension" var2="lzma"/>
				<action function="set">fex_found=1</action>
				<action function="set">tw_artype=5</action>
				<action function="set">tw_extract_action=0</action>
				<action function="page">archive_confirm</action>
			</action>

			<action>
				<condition var1="tw_file_extension" var2="xz"/>
				<action function="set">fex_found=1</action>
				<action function="set">tw_artype=7</action>
				<action function="set">tw_extract_action=0</action>
				<action function="page">archive_confirm</action>
			</action>

			<!--action>
				<condition var1="tw_file_extension" var2="z"/>
				<action function="set">fex_found=1</action>
				<action function="set">tw_artype=9</action>
				<action function="set">tw_extract_action=0</action>
				<action function="page">archive_confirm</action>
			</action-->

			<action>
				<condition var1="tw_file_extension" var2="cpio"/>
				<action function="set">fex_found=1</action>
				<action function="set">tw_artype=2</action>
				<action function="set">tw_extract_action=0</action>
				<action function="page">archive_confirm</action>
			</action>

			<action>
				<condition var1="fex_found" op="!=" var2="1"/>
				<action function="page">filemanageroptions</action>
			</action>
		</page>
		
		<page name="files_bookmarks_prepare">
			<action>
				<condition var1="book_1" var2="notset"/>
				<action function="set">book_1={@fm_books_empty}</action>
			</action>
			
			<action>
				<condition var1="book_2" var2="notset"/>
				<action function="set">book_2={@fm_books_empty}</action>
			</action>
			
			<action>
				<condition var1="book_3" var2="notset"/>
				<action function="set">book_3={@fm_books_empty}</action>
			</action>
			
			<action>
				<condition var1="book_4" var2="notset"/>
				<action function="set">book_4={@fm_books_empty}</action>
			</action>
			
			<action>
				<condition var1="book_5" var2="notset"/>
				<action function="set">book_5={@fm_books_empty}</action>
			</action>
			
			<action>
				<condition var1="book_6" var2="notset"/>
				<action function="set">book_6={@fm_books_empty}</action>
			</action>
			
			<action>
				<condition var1="book_7" var2="notset"/>
				<action function="set">book_7={@fm_books_empty}</action>
			</action>
			
			<action>
				<condition var1="book_8" var2="notset"/>
				<action function="set">book_8={@fm_books_empty}</action>
			</action>
			
			<action>
				<condition var1="book_9" var2="notset"/>
				<action function="set">book_9={@fm_books_empty}</action>
			</action>
			
			<action>
				<action function="set">book_id=</action>
				<action function="set">book_hold=0</action>
				<action function="page">files_bookmarks</action>
			</action>
		</page>
		
		<page name="files_bookmarks">
			<listbox style="btn_list">
				<placement x="0" y="%ab_ex_h%" w="%screen_w%" h="%bl_files_h%"/>
				<data requireReload="1"/>
				<extra hold="book_hold"/>
				<listitem name="{@fm_books_edit}">
					<icon res="edit"/>
					<condition var1="book_edit" var2="0"/>
					<condition var1="book_1" var2="{@fm_books_empty}"/>
					<condition var1="book_2" var2="{@fm_books_empty}"/>
					<condition var1="book_3" var2="{@fm_books_empty}"/>
					<condition var1="book_4" var2="{@fm_books_empty}"/>
					<condition var1="book_5" var2="{@fm_books_empty}"/>
					<condition var1="book_6" var2="{@fm_books_empty}"/>
					<condition var1="book_7" var2="{@fm_books_empty}"/>
					<condition var1="book_8" var2="{@fm_books_empty}"/>
					<condition var1="book_9" var2="{@fm_books_empty}"/>
					<action function="set">book_edit=1</action>
				</listitem>
				<listitem name="%book_1%">
					<icon res="bs_btn_bookmark"/>
					<condition var1="book_1" op="!=" var2="{@fm_books_empty}"/>
					<condition var1="book_edit" var2="0"/>
					<action function="set">book_id=1</action>
				</listitem>
				<listitem name="%book_1%">
					<icon res="edit"/>
					<condition var1="book_edit" var2="1"/>
					<action function="set">book_id=1</action>
				</listitem>
				<listitem name="%book_2%">
					<icon res="bs_btn_bookmark"/>
					<condition var1="book_2" op="!=" var2="{@fm_books_empty}"/>
					<condition var1="book_edit" var2="0"/>
					<action function="set">book_id=2</action>
				</listitem>
				<listitem name="%book_2%">
					<icon res="edit"/>
					<condition var1="book_edit" var2="1"/>
					<action function="set">book_id=2</action>
				</listitem>
				<listitem name="%book_3%">
					<icon res="bs_btn_bookmark"/>
					<condition var1="book_3" op="!=" var2="{@fm_books_empty}"/>
					<condition var1="book_edit" var2="0"/>
					<action function="set">book_id=3</action>
				</listitem>
				<listitem name="%book_3%">
					<icon res="edit"/>
					<condition var1="book_edit" var2="1"/>
					<action function="set">book_id=3</action>
				</listitem>
				<listitem name="%book_4%">
					<icon res="bs_btn_bookmark"/>
					<condition var1="book_4" op="!=" var2="{@fm_books_empty}"/>
					<condition var1="book_edit" var2="0"/>
					<action function="set">book_id=4</action>
				</listitem>
				<listitem name="%book_4%">
					<icon res="edit"/>
					<condition var1="book_edit" var2="1"/>
					<action function="set">book_id=4</action>
				</listitem>
				<listitem name="%book_5%">
					<icon res="bs_btn_bookmark"/>
					<condition var1="book_5" op="!=" var2="{@fm_books_empty}"/>
					<condition var1="book_edit" var2="0"/>
					<action function="set">book_id=5</action>
				</listitem>
				<listitem name="%book_5%">
					<icon res="edit"/>
					<condition var1="book_edit" var2="1"/>
					<action function="set">book_id=5</action>
				</listitem>
				<listitem name="%book_6%">
					<icon res="bs_btn_bookmark"/>
					<condition var1="book_6" op="!=" var2="{@fm_books_empty}"/>
					<condition var1="book_edit" var2="0"/>
					<action function="set">book_id=6</action>
				</listitem>
				<listitem name="%book_6%">
					<icon res="edit"/>
					<condition var1="book_edit" var2="1"/>
					<action function="set">book_id=6</action>
				</listitem>
				<listitem name="%book_7%">
					<icon res="bs_btn_bookmark"/>
					<condition var1="book_7" op="!=" var2="{@fm_books_empty}"/>
					<condition var1="book_edit" var2="0"/>
					<action function="set">book_id=7</action>
				</listitem>
				<listitem name="%book_7%">
					<icon res="edit"/>
					<condition var1="book_edit" var2="1"/>
					<action function="set">book_id=7</action>
				</listitem>
				<listitem name="%book_8%">
					<icon res="bs_btn_bookmark"/>
					<condition var1="book_8" op="!=" var2="{@fm_books_empty}"/>
					<condition var1="book_edit" var2="0"/>
					<action function="set">book_id=8</action>
				</listitem>
				<listitem name="%book_8%">
					<icon res="edit"/>
					<condition var1="book_edit" var2="1"/>
					<action function="set">book_id=8</action>
				</listitem>
				<listitem name="%book_9%">
					<icon res="bs_btn_bookmark"/>
					<condition var1="book_9" op="!=" var2="{@fm_books_empty}"/>
					<condition var1="book_edit" var2="0"/>
					<action function="set">book_id=9</action>
				</listitem>
				<listitem name="%book_9%">
					<icon res="edit"/>
					<condition var1="book_edit" var2="1"/>
					<action function="set">book_id=9</action>
				</listitem>
			</listbox>
			
			<template name="base_ex"/>

			<text style="text_ab_title">
				<placement x="%col1_x_indent%" y="%ab_bc_y%"/>
				<text>{@fm_hdr}</text>
			</text>

			<text style="text_ab_title">
				<placement x="%col1_x_indent%" y="%row1_2_y%" placement="2"/>
				<text>{@fm_books}</text>
			</text>

			<text style="text_ab_subtitle">
				<condition var1="book_edit" var2="0"/>
				<placement x="%col1_x_indent%" y="%row1_2_y%"/>
				<text>{@fm_books_desc}</text>
			</text>
			
			<text style="text_ab_subtitle">
				<condition var1="book_edit" var2="1"/>
				<placement x="%col1_x_indent%" y="%row1_2_y%"/>
				<text>{@fm_books_desc_edit}</text>
			</text>
			
			<image>
				<condition var1="book_edit" var2="1"/>
				<placement x="%btn_float_x%" y="%btn_float_y%" placement="4"/>
				<image resource="fab_shadow"/>
			</image>
			
			<button style="floating_btn">
				<condition var1="book_edit" var2="1"/>
				<placement x="%btn_float_x%" y="%btn_float_y%" placement="4"/>
				<action function="set">book_edit=0</action>
			</button>
			
			<image>
				<condition var1="book_edit" var2="1"/>
				<placement x="%btn_float_x%" y="%btn_float_y%" placement="4"/>
				<image resource="fab_close"/>
			</image>
			
			<action>
				<condition var1="book_edit" var2="0"/>
				<condition var1="book_hold" var2="0"/>
				<condition var1="book_id" op="modified"/>
				<action function="set">tw_file_location1=book_%book_id%</action>
				<action function="set">tw_reload_fm=1</action>
				<action function="page">filemanagerlist</action>
			</action>

			<action>
				<condition var1="book_edit" var2="0"/>
				<condition var1="book_hold" var2="1"/>
				<condition var1="book_id" op="modified"/>
				<action function="set">book_edit=1</action>
				<action function="page">files_bookmarks_prepare</action>
			</action>

			<action>
				<condition var1="book_edit" var2="1"/>
				<condition var1="book_hold" var2="1"/>
				<condition var1="book_id" op="modified"/>
				<action function="set">book_%book_id%=notset</action>
				<action function="page">files_bookmarks_prepare</action>
			</action>

			<action>
				<condition var1="book_edit" var2="1"/>
				<condition var1="book_hold" var2="0"/>
				<condition var1="book_id" op="modified"/>
				<action function="set">book_%book_id%=tw_file_location1</action>
				<action function="page">files_bookmarks_prepare</action>
			</action>

			<template name="gestures"/>

			<action>
				<touch key="home"/>
				<action function="page">main</action>
			</action>

			<action>
				<touch key="back"/>
				<action function="page">filemanagerlist</action>
			</action>
		</page>
		
		<page name="filemanageroptions">
			<action>
				<action function="set">of_is_batch=0</action>
				<action function="set">opts_show=%auto_show_btns%</action>
			</action>

			<listbox style="btn_list">
				<placement x="0" y="%ab_ex_h%" w="%screen_w%" h="%bl_files_h%"/>
				<listitem name="{@symlink_file}">
					<icon res="bs_btn_link"/>
					<condition var1="tw_real_path"/>
					<condition var1="tw_rp_type" var2="0"/>
					<action function="set">tw_filename1=%tw_real_path%</action>
					<action function="set">tw_real_path=</action>
					<action function="set">tw_rp_type=</action>
				</listitem>
				<listitem name="{@symlink_folder}">
					<icon res="bs_btn_link"/>
					<condition var1="tw_real_path"/>
					<condition var1="tw_rp_type" var2="1"/>
					<action function="set">tw_file_location1=%tw_real_path%</action>
					<action function="set">tw_reload_fm=1</action>
					<action function="set">tw_real_path=</action>
					<action function="set">tw_rp_type=</action>
					<action function="key">back</action>
				</listitem>
				<listitem name="{@fm_open}">
					<icon res="bs_btn_open"/>
					<action function="page">openas</action>
				</listitem>
				<listitem name="{@fm_edit_file}">
					<condition var1="tw_fm_isfolder" var2="0"/>
					<condition var1="fox_use_nano_editor" var2="1"/>
					<icon res="edit"/>
					<action function="editfile">nano "%tw_filename1%"</action>
					<action function="page">terminal</action>
				</listitem>
				<listitem name="{@fm_copy_btn}">
					<condition var1="tw_fm_isfolder" var2="1"/>
					<condition var1="tw_hold" op="!=" var2="1"/>
					<icon res="bs_btn_copy"/>
					<action function="set">tw_filemanager_command=cd .. &amp;&amp; cp -R</action>
					<action function="set">tw_fm_text1={@fm_copying}</action>
					<action function="set">tw_back=choosedestinationfolder</action>
					<action function="page">choosedestinationfolder</action>
				</listitem>
				<listitem name="{@fm_copy_btn}">
					<condition var1="tw_fm_isfolder" var2="1"/>
					<condition var1="tw_hold" var2="1"/>
					<icon res="bs_btn_copy"/>
					<action function="set">tw_filemanager_command=cp -R</action>
					<action function="set">tw_fm_text1={@fm_copying}</action>
					<action function="set">tw_back=choosedestinationfolder</action>
					<action function="page">choosedestinationfolder</action>
				</listitem>
				<listitem name="{@fm_copy_btn}">
					<condition var1="tw_fm_isfolder" op="!=" var2="1"/>
					<icon res="bs_btn_copy"/>
					<action function="set">tw_filemanager_command=cp</action>
					<action function="set">tw_fm_text1={@fm_copying}</action>
					<action function="set">tw_back=choosedestinationfolder</action>
					<action function="page">choosedestinationfolder</action>
				</listitem>
				<listitem name="{@fm_move_btn}">
					<icon res="bs_btn_cut"/>
					<action function="set">tw_filemanager_command=mv</action>
					<action function="set">tw_fm_text1={@fm_moving}</action>
					<action function="set">tw_back=choosedestinationfolder</action>
					<action function="page">choosedestinationfolder</action>
				</listitem>
				<listitem name="{@fm_rename_btn}">
					<condition var1="tw_fm_isfolder" var2="1"/>
					<condition var1="tw_hold" op="!=" var2="1"/>
					<icon res="bs_btn_rename"/>
					<action function="set">tw_filemanager_rename=tw_selection1</action>
					<action function="set">tw_fm_text1={@fm_renaming}</action>
					<action function="set">tw_filemanager_command=cd .. &amp;&amp; mv</action>
					<action function="set">tw_back=filemanageroptions</action>
					<action function="page">filemanagerrenamefolder</action>
				</listitem>
				<listitem name="{@fm_rename_btn}">
					<condition var1="tw_fm_isfolder" var2="1"/>
					<condition var1="tw_hold" var2="1"/>
					<icon res="bs_btn_rename"/>
					<action function="set">tw_filemanager_rename=tw_selection1</action>
					<action function="set">tw_fm_text1={@fm_renaming}</action>
					<action function="set">tw_filemanager_command=mv</action>
					<action function="set">tw_back=filemanageroptions</action>
					<action function="page">filemanagerrenamefolder</action>
				</listitem>
				<listitem name="{@fm_rename_btn}">
					<condition var1="tw_fm_isfolder" op="!=" var2="1"/>
					<icon res="bs_btn_rename"/>
					<action function="set">tw_filemanager_rename=tw_selection1</action>
					<action function="set">tw_fm_text1={@fm_renaming}</action>
					<action function="set">tw_filemanager_command=mv</action>
					<action function="set">tw_back=filemanageroptions</action>
					<action function="page">filemanagerrenamefile</action>
				</listitem>
				<listitem name="{@fm_chmod_btn}">
					<icon res="bs_btn_chmod"/>
					<action function="set">tw_filemanager_rename=0000</action>
					<action function="set">tw_fm_text2=</action>
					<action function="set">tw_fm_text3=</action>
					<action function="set">tw_include_text3=0</action>
					<action function="set">tw_back=filemanageroptions</action>
					<action function="get_chmod"/>
					<action function="set_chmod"/>
					<action function="page">filemanagerchmod</action>
				</listitem>
				<listitem name="{@fm_delete_btn}">
					<icon res="bs_btn_delete"/>
					<action function="set">tw_filemanager_command=rm -rf</action>
					<action function="set">tw_fm_text1={@fm_deleting}</action>
					<action function="set">tw_fm_text2=</action>
					<action function="set">tw_fm_text3=</action>
					<action function="set">tw_include_text3=0</action>
					<action function="set">tw_back=filemanageroptions</action>
					<action function="page">filemanagerconfirm</action>
				</listitem>
				<listitem name="{@more}">
					<condition var1="opts_show" op="!=" var2="1"/>
					<icon res="utils"/>
					<action function="set">opts_show=1</action>
				</listitem>
				<listitem name="{@hide}">
					<condition var1="auto_show_btns" op="!=" var2="1"/>
					<condition var1="opts_show" var2="1"/>
					<icon res="hide"/>
					<action function="page">filemanageroptions</action>
				</listitem>
				<listitem name="{@fm_open_terminal_btn}">
					<condition var1="tw_fm_isfolder" var2="1"/>
					<condition var1="opts_show" var2="1"/>
					<icon res="bs_adv_term"/>
					<action function="changeterminal">"%tw_filename1%"</action>
				</listitem>
				<listitem name="{@fm_open_makezip}">
					<condition var1="opts_show" var2="1"/>
					<icon res="bs_btn_archive"/>
					<action function="set">tw_artype=%tw_fm_isfolder%</action>
					<action function="set">tw_extract_action=1</action>
					<action function="set">tw_pack_lvl=9</action>
					<action function="set">tw_back=filemanageroptions</action>
					<action function="page">archive_confirm</action>
				</listitem>
				<listitem name="{@fm_open_unpackzip}">
					<condition var1="opts_show" var2="1"/>
					<condition var1="tw_fm_isfolder" var2="0"/>
					<icon res="bs_btn_unzip"/>
					<action function="set">tw_artype=0</action>
					<action function="set">tw_extract_action=0</action>
					<action function="set">tw_pack_lvl=9</action>
					<action function="set">tw_back=filemanageroptions</action>
					<action function="page">archive_confirm</action>
				</listitem>
				<listitem name="{@fm_sums}">
					<condition var1="opts_show" var2="1"/>
					<condition var1="tw_fm_isfolder" var2="0"/>
					<icon res="bs_btn_checksum"/>
					<action function="set">ft_inf_md5={@tap_to_generate}</action>
					<action function="set">ft_inf_sha1={@tap_to_generate}</action>
					<action function="set">ft_inf_sha2={@tap_to_generate}</action>
					<action function="set">ft_inf_sha5={@tap_to_generate}</action>
					<action function="page">fm_file_checksum</action>
				</listitem>
				<listitem name="{@info}">
					<condition var1="opts_show" var2="1"/>
					<condition var1="tw_fm_isfolder" var2="0"/>
					<icon res="info"/>
					<action function="ftls">
					link='%tw_filename1%'
					[ -L '%tw_filename1%' ] &amp;&amp; link=$(readlink '%tw_filename1%')
					twrp xset ft_inf_real=$link
					twrp xset ft_inf_size=$(du -h '%tw_filename1%' | sed 's*%tw_filename1%**g');
					
					twrp xset ft_inf_rights=$(ls -ls '%tw_filename1%' | awk '{print $2}')
					twrp xset ft_inf_acc=$(ls -lseu '%tw_filename1%' | awk '{print $7,$8,$9,$10,$11}')
					twrp xset ft_inf_mod=$(ls -lset '%tw_filename1%' | awk '{print $7,$8,$9,$10,$11}')
					twrp xset ft_inf_ch=$(ls -lsec '%tw_filename1%' | awk '{print $7,$8,$9,$10,$11}')
					</action>
					<action function="page">fm_file_info</action>
				</listitem>
			</listbox>

			<template name="base_ex"/>

			<action>
				<condition var1="tw_filename1" var2="/"/>
				<action function="page">filemanagerlist</action>
			</action>
			
			<text style="text_ab_title">
				<placement x="%col1_x_indent%" y="%ab_bc_y%"/>
				<text>{@fm_hdr}</text>
			</text>

			<text style="text_ab_title">
				<condition var1="tw_rp_type" var2="1"/>
				<placement x="%col1_x_indent%" y="%row1_2_y%" placement="2"/>
				<text>{@symlink_dir_name}</text>
			</text>

			<text style="text_ab_title">
				<condition var1="tw_rp_type" var2="0"/>
				<placement x="%col1_x_indent%" y="%row1_2_y%" placement="2"/>
				<text>{@symlink_file_name}</text>
			</text>

			<text style="text_ab_title">
				<condition var1="tw_rp_type" var2="2"/>
				<placement x="%col1_x_indent%" y="%row1_2_y%" placement="2"/>
				<text>{@symlink_broken_name}</text>
			</text>

			<text style="text_ab_title">
				<condition var1="tw_fm_isfolder" op="!=" var2="1"/>
				<condition var1="tw_rp_type" op="!=" var2="2"/>
				<condition var1="tw_rp_type" op="!=" var2="1"/>
				<condition var1="tw_rp_type" op="!=" var2="0"/>
				<placement x="%col1_x_indent%" y="%row1_2_y%" placement="2"/>
				<text>{@fm_type_file}</text>
			</text>

			<text style="text_ab_title">
				<condition var1="tw_fm_isfolder" var2="1"/>
				<condition var1="tw_rp_type" op="!=" var2="2"/>
				<condition var1="tw_rp_type" op="!=" var2="1"/>
				<condition var1="tw_rp_type" op="!=" var2="0"/>
				<placement x="%col1_x_indent%" y="%row1_2_y%" placement="2"/>
				<text>{@fm_type_folder}</text>
			</text>

			<text style="text_ab_subtitle_lim">
				<placement x="%col1_x_indent%" y="%row1_2_y%"/>
				<text>%tw_filename1%</text>
			</text>

			<template name="gestures"/>

			<action>
				<touch key="home"/>
				<action function="page">main</action>
			</action>

			<action>
				<touch key="back"/>
				<action function="page">filemanagerlist</action>
			</action>
		</page>
		
		<page name="openas">
			<listbox style="btn_list">
				<placement x="0" y="%ab_ex_h%" w="%screen_w%" h="%bl_files_h%"/>
				<listitem name="{@fm_open_text}">
					<condition var1="tw_fm_isfolder" var2="0"/>
					<icon res="bs_btn_doc"/>
					<action function="page">cat_file</action>
				</listitem>
				<listitem name="{@fm_open_ZIP}">
					<condition var1="tw_fm_isfolder" var2="0"/>
					<icon res="bs_btn_archive"/>
					<action function="queueclear"/>
					<action function="set">tw_file=%tw_selection1%</action>
					<action function="set">tw_filename=%tw_filename1%</action>
					<action function="set">install_back=filemanagerlist</action>
					<action function="set">tw_zip_location=%tw_file_location1%</action>
					<action function="set">tw_q_1=%tw_file%</action>
					<action function="queuezip"/>
					<action function="page">flash_confirm</action>
				</listitem>
				<listitem name="{@fm_open_image}">
					<condition var1="tw_fm_isfolder" var2="0"/>
					<icon res="bs_btn_image"/>
					<action function="set">tw_file=%tw_selection1%</action>
					<action function="set">install_back=filemanagerlist</action>
					<action function="set">tw_filename=%tw_filename1%</action>
					<action function="set">tw_zip_location=%tw_file_location1%</action>
					<action function="set">tw_flash_partition=</action>
					<action function="set">tw_is_slot_part=0</action>
					<action function="page">flash_image_confirm</action>
				</listitem>
				<listitem name="{@fm_open_backup}">
					<condition var1="tw_fm_isfolder" var2="1"/>
					<icon res="bs_btn_backup"/>
					<action function="set">tw_restore_name=%tw_selection1%</action>
					<action function="set">tw_restore=%tw_filename1%</action>
					<action function="set">restore_back=filemanagerlist</action>
					<action function="readBackup"/>
					<action function="page">restore_select</action> 
				</listitem>
			</listbox>
		
			<template name="base_ex"/>

			<text style="text_ab_title">
				<placement x="%col1_x_indent%" y="%ab_bc_y%"/>
				<text>{@fm_hdr}</text>
			</text>

			<text style="text_ab_title">
				<placement x="%col1_x_indent%" y="%row1_2_y%" placement="2"/>
				<text>{@fm_open}</text>
			</text>

			<text style="text_ab_subtitle_lim">
				<placement x="%col1_x_indent%" y="%row1_2_y%"/>
				<text>%tw_filename1%</text>
			</text>

			<template name="gestures"/>
			
			<action>
				<touch key="home"/>
				<action function="page">main</action>
			</action>

			<action>
				<touch key="back"/>
				<action function="page">filemanageroptions</action>
			</action>
		</page>
		
		<page name="fm_file_checksum">
			<template name="checksum_base"/>
			<template name="navbar_bkg"/>
			<template name="navbar"/>
			<template name="actionbar_back"/>
			
			<button style="menu_btn">
				<condition var1="ft_inf_md5" var2="{@tap_to_generate}"/>
				<placement x="%col1_x_caption%" y="%row2_1a_y%" w="%input_w%" h="%mb_h_hide%"/>
				<action function="set">ft_inf_md5={@calc_checksum}</action>
				<action function="set">ft_chsum_calculated=0</action>
				<action function="page">fm_file_checksum_calc</action>
				<action function="ftls">twrp xset ft_inf_md5=$(md5sum '%tw_filename1%' | sed 's*%tw_filename1%**g')</action>
				<action function="set">ft_chsum_calculated=1</action>
			</button>
			<button style="menu_btn">
				<condition var1="ft_inf_sha1" var2="{@tap_to_generate}"/>
				<placement x="%col1_x_caption%" y="%row3_1a_y%" w="%input_w%" h="%mb_h_hide%"/>
				<action function="set">ft_chsum_calculated=0</action>
				<action function="set">ft_inf_sha1={@calc_checksum}</action>
				<action function="page">fm_file_checksum_calc</action>
				<action function="ftls">twrp xset ft_inf_sha1=$(sha1sum '%tw_filename1%' | sed 's*%tw_filename1%**g')</action>
				<action function="set">ft_chsum_calculated=1</action>
			</button>
			<button style="menu_btn">
				<condition var1="ft_inf_sha2" var2="{@tap_to_generate}"/>
				<placement x="%col1_x_caption%" y="%row4_1a_y%" w="%input_w%" h="%mb_h_hide%"/>
				<action function="set">ft_chsum_calculated=0</action>
				<action function="set">ft_inf_sha2={@calc_checksum}</action>
				<action function="page">fm_file_checksum_calc</action>
				<action function="ftls">twrp xset ft_inf_sha2=$(sha256sum '%tw_filename1%' | sed 's*%tw_filename1%**g')</action>
				<action function="set">ft_chsum_calculated=1</action>
			</button>
			<button style="menu_btn">
				<condition var1="ft_inf_sha5" var2="{@tap_to_generate}"/>
				<placement x="%col1_x_caption%" y="%row5_1a_y%" w="%input_w%" h="%mb_h_hide%"/>
				<action function="set">ft_chsum_calculated=0</action>
				<action function="set">ft_inf_sha5={@calc_checksum}</action>
				<action function="page">fm_file_checksum_calc</action>
				<action function="ftls">twrp xset ft_inf_sha5=$(sha512sum '%tw_filename1%' | sed 's*%tw_filename1%**g')</action>
				<action function="set">ft_chsum_calculated=1</action>
			</button>

			<template name="gestures"/>
			
			<action>
				<touch key="home"/>
				<action function="page">main</action>
			</action>

			<action>
				<touch key="back"/>
				<action function="page">filemanagerlist</action>
			</action>
		</page>

		<page name="fm_file_checksum_calc">
			<template name="checksum_base"/>
			<image>
				<placement x="%ab_back_x%" y="%ab_y%" placement="4"/>
				<image resource="actionbar_clear"/>
			</image>
			<action>
				<condition var1="ft_chsum_calculated" var2="1"/>
				<action function="page">fm_file_checksum</action>
			</action>
		</page>

		<page name="fm_file_info">
			<template name="base_ex"/>
		
			<text style="text_ab_title">
				<placement x="%col1_x_indent%" y="%ab_bc_y%"/>
				<text>{@fm_hdr}</text>
			</text>

			<text style="text_ab_title">
				<placement x="%col1_x_indent%" y="%row1_2_y%" placement="2"/>
				<text>{@info}</text>
			</text>

			<text style="text_ab_subtitle_lim">
				<placement x="%col1_x_indent%" y="%row1_2_y%"/>
				<text>%tw_filename1%</text>
			</text>

			<text style="caption">
				<placement x="%col1_x_caption%" y="%row2_1a_y%"/>
				<text>{@name} ({@real})</text>
			</text>

			<input>
				<placement x="%col1_x_caption%" y="%row2_2a_y%" w="%input_w%" h="%input_height%"/>
				<cursor color="%transparent%" hasfocus="0" width="0"/>
				<data name="ft_inf_real"/>
				<restrict disable="1"/>
				<text>%ft_inf_real%</text>
			</input>

			<text style="caption">
				<placement x="%col1_x_caption%" y="%row3_1a_y%"/>
				<text>{@part_size}</text>
			</text>

			<text style="text_body1">
				<placement x="%col1_x_caption%" y="%row3_2a_y%"/>
				<text>%ft_inf_size%</text>
			</text>

			<text style="caption">
				<placement x="%col1_x_caption%" y="%row4_1a_y%"/>
				<text>{@fm_perms}</text>
			</text>

			<text style="text_body1">
				<placement x="%col1_x_caption%" y="%row4_2a_y%"/>
				<text>%ft_inf_rights%</text>
			</text>

			<text style="caption">
				<placement x="%col1_x_caption%" y="%row5_1a_y%"/>
				<text>{@access}</text>
			</text>

			<text style="text_body1">
				<placement x="%col1_x_caption%" y="%row5_2a_y%"/>
				<text>%ft_inf_acc%</text>
			</text>

			<text style="caption">
				<placement x="%col1_x_caption%" y="%row6_1a_y%"/>
				<text>{@time_m}</text>
			</text>

			<text style="text_body1">
				<placement x="%col1_x_caption%" y="%row6_2a_y%"/>
				<text>%ft_inf_mod%</text>
			</text>

			<text style="caption">
				<placement x="%col1_x_caption%" y="%row7_1a_y%"/>
				<text>{@time_c}</text>
			</text>

			<text style="text_body1">
				<placement x="%col1_x_caption%" y="%row7_2a_y%"/>
				<text>%ft_inf_ch%</text>
			</text>

			<template name="gestures"/>
			
			<action>
				<touch key="home"/>
				<action function="page">main</action>
			</action>

			<action>
				<touch key="back"/>
				<action function="page">filemanagerlist</action>
			</action>
		</page>

		<page name="choosedestinationfolder">
			<fileselector style="fileselector_b">
				<condition var1="list_font" var2="1"/>
				<placement x="0" y="%row_ab_ex_y%" w="%fileselector_width%" h="%fileselector_terminal_height%"/>
				<sort name="tw_gui_sort_order"/>
				<icon folder="folder_icon" file="file_icon" />
				<filter folders="1" files="0"/>
				<path name="tw_file_location2" default="/"/>
				<data name="tw_filename2"/>
				<selection name="tw_selection2"/>
			</fileselector>

			<fileselector style="fileselector_s">
				<condition var1="list_font" op="!=" var2="1"/>
				<placement x="0" y="%row_ab_ex_y%" w="%fileselector_width%" h="%fileselector_terminal_height%"/>
				<sort name="tw_gui_sort_order"/>
				<icon folder="folder_icon_small" file="file_icon_small" />
				<filter folders="1" files="0"/>
				<path name="tw_file_location2" default="/"/>
				<data name="tw_filename2"/>
				<selection name="tw_selection2"/>
			</fileselector>

			<template name="base_ex"/>
			<template name="actionbar_sort"/>

			<text style="text_ab_title">
				<placement x="%col1_x_indent%" y="%ab_bc_y%"/>
				<text>{@fm_hdr}</text>
			</text>

			<text style="text_ab_title">
				<placement x="%col1_x_indent%" y="%row1_2_y%" placement="2"/>
				<text>{@fm_sel_dest}</text>
			</text>

			<text style="text_ab_subtitle_lim">
				<placement x="%col1_x_indent%" y="%row1_2_y%"/>
				<text>%tw_file_location2%</text>
			</text>
			
			<image>
				<placement x="%btn_float_x%" y="%btn_float_y%" placement="4"/>
				<image resource="fab_shadow"/>
			</image>

			<button style="floating_btn">
				<placement x="%btn_float_x%" y="%btn_float_y%" placement="4"/>
				<action function="set">tw_fm_text2={@fordowns_to}</action>
				<action function="set">tw_fm_text3=%tw_file_location2%</action>
				<action function="set">tw_include_text3=1</action>
				<action function="page">filemanagerconfirm</action>
			</button>
			
			<image>
				<placement x="%btn_float_x%" y="%btn_float_y%" placement="4"/>
				<image resource="fab_accept"/>
			</image>

			<template name="gestures"/>

			<action>
				<touch key="home"/>
				<action function="page">main</action>
			</action>

			<action>
				<touch key="back"/>
				<action function="page">filemanagerlist</action>
			</action>
		</page>

		<page name="filemanagerrenamefile">
			<template name="base_ex_key"/>

			<text style="text_ab_title">
				<placement x="%col1_x_indent%" y="%ab_bc_y%"/>
				<text>{@fm_hdr}</text>
			</text>

			<text style="text_ab_title">
				<placement x="%col1_x_indent%" y="%row1_2_y%" placement="2"/>
				<text>{@fm_rename_hdr}</text>
			</text>

			<text style="text_ab_subtitle_lim">
				<placement x="%col1_x_indent%" y="%row1_2_y%"/>
				<text>%tw_filename1%</text>
			</text>

			<text style="caption_hl">
				<placement x="%col1_x_caption%" y="%row2_1a_y%"/>
				<text>{@name}</text>
			</text>

			<input>
				<placement x="%col1_x_caption%" y="%row2_2a_y%" w="%input_w%" h="%input_height%"/>
				<text>%tw_filemanager_rename%</text>
				<data name="tw_filemanager_rename"/>
				<restrict minlen="1" maxlen="64" allow="abcdefghijklmnopqrstuvwxyzABCDEFGHIJKLMNOPQRSTUVWXYZ1234567890-_.{}[]() "/>
				<action function="set">tw_fm_text2={@fordowns_to}</action>
				<action function="set">tw_fm_text3=%tw_filemanager_rename%</action>
				<action function="set">tw_include_text3=1</action>
				<action function="set">tw_back=filemanageroptions</action>
				<action function="page">filemanagerconfirm</action>
			</input>

			<fill color="%accent%">
				<placement x="%col1_x_caption%" y="%row2_3a_y%" w="%input_w%" h="%input_line_height%" placement="1"/>
			</fill>

			<template name="gestures_key"/>

			<action>
				<touch key="home"/>
				<action function="page">main</action>
			</action>

			<action>
				<touch key="back"/>
				<action function="page">filemanageroptions</action>
			</action>
		</page>

		<page name="filemanagerrenamefolder">
			<template name="base_ex_key"/>

			<text style="text_ab_title">
				<placement x="%col1_x_indent%" y="%ab_bc_y%"/>
				<text>{@fm_hdr}</text>
			</text>

			<text style="text_ab_title">
				<placement x="%col1_x_indent%" y="%row1_2_y%" placement="2"/>
				<text>{@fm_rename_hdr}</text>
			</text>

			<text style="text_ab_subtitle_lim">
				<placement x="%col1_x_indent%" y="%row1_2_y%"/>
				<text>%tw_filename1%</text>
			</text>

			<text style="caption_hl">
				<placement x="%col1_x_caption%" y="%row2_1a_y%"/>
				<text>{@name}</text>
			</text>

			<input>
				<placement x="%col1_x_caption%" y="%row2_2a_y%" w="%input_w%" h="%input_height%"/>
				<text>%tw_filemanager_rename%</text>
				<data name="tw_filemanager_rename"/>
				<restrict minlen="1" maxlen="64" allow="abcdefghijklmnopqrstuvwxyzABCDEFGHIJKLMNOPQRSTUVWXYZ1234567890-_.{}[]() "/>
				<action function="set">tw_fm_text2={@fordowns_to}</action>
				<action function="set">tw_fm_text3=%tw_filemanager_rename%</action>
				<action function="set">tw_include_text3=1</action>
				<action function="set">tw_back=filemanageroptions</action>
				<action function="page">filemanagerconfirm</action>
			</input>

			<fill color="%accent%">
				<placement x="%col1_x_caption%" y="%row2_3a_y%" w="%input_w%" h="%input_line_height%" placement="1"/>
			</fill>

			<template name="gestures_key"/>

			<action>
				<touch key="home"/>
				<action function="page">main</action>
			</action>

			<action>
				<touch key="back"/>
				<action function="page">filemanageroptions</action>
			</action>
		</page>

		<page name="filemanagerchmod">
			<template name="base_ex"/>

			<text style="text_ab_title">
				<placement x="%col1_x_indent%" y="%ab_bc_y%"/>
				<text>{@fm_hdr}</text>
			</text>

			<text style="text_ab_title">
				<placement x="%col1_x_indent%" y="%row1_2_y%" placement="2"/>
				<text>{@fm_set_perms_hdr}</text>
			</text>

			<text style="text_ab_subtitle_lim">
				<placement x="%col1_x_indent%" y="%row1_2_y%"/>
				<text>%tw_filename1%</text>
			</text>			

			<button style="actionbar">
				<placement x="%ab_btn1_x%" y="%ab_y%" placement="4"/>
				<action function="calculate_chmod"/>
				<action function="page">filemanagerchmod_key</action>
			</button>

			<image>
				<placement x="%ab_btn1_x%" y="%ab_y%" placement="4"/>
				<image resource="actionbar_edit"/>
			</image>

			<checkbox>
				<placement x="%ch_r_x%" y="%ch_own_y%"/>
				<data variable="chmod_id4" default="0"/>
			</checkbox>
			<checkbox>
				<placement x="%ch_w_x%" y="%ch_own_y%"/>
				<data variable="chmod_id5" default="0"/>
			</checkbox>
			<checkbox>
				<placement x="%ch_x_x%" y="%ch_own_y%"/>
				<data variable="chmod_id6" default="0"/>
			</checkbox>
			<checkbox>
				<placement x="%ch_r_x%" y="%ch_grp_y%"/>
				<data variable="chmod_id7" default="0"/>
			</checkbox>
			<checkbox>
				<placement x="%ch_w_x%" y="%ch_grp_y%"/>
				<data variable="chmod_id8" default="0"/>
			</checkbox>
			<checkbox>
				<placement x="%ch_x_x%" y="%ch_grp_y%"/>
				<data variable="chmod_id9" default="0"/>
			</checkbox>
			<checkbox>
				<placement x="%ch_r_x%" y="%ch_oth_y%"/>
				<data variable="chmod_id10" default="0"/>
			</checkbox>
			<checkbox>
				<placement x="%ch_w_x%" y="%ch_oth_y%"/>
				<data variable="chmod_id11" default="0"/>
			</checkbox>
			<checkbox>
				<placement x="%ch_x_x%" y="%ch_oth_y%"/>
				<data variable="chmod_id12" default="0"/>
			</checkbox>
			<checkbox>
				<placement x="%ch_r_x%" y="%ch_sph_y%"/>
				<data variable="chmod_id1" default="0"/>
			</checkbox>
			<checkbox>
				<placement x="%ch_w_x%" y="%ch_sph_y%"/>
				<data variable="chmod_id2" default="0"/>
			</checkbox>
			<checkbox>
				<placement x="%ch_x_x%" y="%ch_sph_y%"/>
				<data variable="chmod_id3" default="0"/>
			</checkbox>

			<text style="text_body1">
				<placement x="%chtxt_r_x%" y="%chtxt_y%" placement="4"/>
				<text>Read</text>
			</text>

			<text style="text_body1">
				<placement x="%chtxt_w_x%" y="%chtxt_y%" placement="4"/>
				<text>Write</text>
			</text>

			<text style="text_body1">
				<placement x="%chtxt_x_x%" y="%chtxt_y%" placement="4"/>
				<text>Execute</text>
			</text>

			<text style="text_body1">
				<placement x="%chtxt_r_x%" y="%chtxt_sph_y%" placement="4"/>
				<text>Set UID</text>
			</text>

			<text style="text_body1">
				<placement x="%chtxt_w_x%" y="%chtxt_sph_y%" placement="4"/>
				<text>Set GID</text>
			</text>

			<text style="text_body1">
				<placement x="%chtxt_x_x%" y="%chtxt_sph_y%" placement="4"/>
				<text>Sticky</text>
			</text>

			<text style="text_body1">
				<placement x="%txt_r_x%" y="%chtxt_own_y%" placement="1"/>
				<text>Owner</text>
			</text>

			<text style="text_body1">
				<placement x="%txt_r_x%" y="%chtxt_grp_y%" placement="1"/>
				<text>Group</text>
			</text>

			<text style="text_body1">
				<placement x="%txt_r_x%" y="%chtxt_oth_y%" placement="1"/>
				<text>Other</text>
			</text>
			
			<!--text style="text_body2">
				<placement x="%center_x%" y="%row7_1_y%" placement="4"/>
				<text>%tw_filemanager_rename%</text>
			</text>-->
			
			<image>
				<placement x="%btn_float_x%" y="%btn_float_y%" placement="4"/>
				<image resource="fab_shadow"/>
			</image>
			
			<button style="floating_btn">
				<placement x="%btn_float_x%" y="%btn_float_y%" placement="4"/>
				<action function="calculate_chmod"/>
				<action function="set">tw_filemanager_command=chmod %tw_filemanager_rename%</action>
				<action function="set">tw_fm_text1=chmod %tw_filemanager_rename%</action>
				<action function="set">tw_back=filemanageroptions</action>
				<action function="page">filemanagerconfirm</action>
			</button>

			<image>
				<placement x="%btn_float_x%" y="%btn_float_y%" placement="4"/>
				<image resource="fab_accept"/>
			</image>

			<template name="gestures"/>
			
			<action>
				<touch key="home"/>
				<action function="page">main</action>
			</action>

			<action>
				<touch key="back"/>
				<action function="page">filemanageroptions</action>
			</action>
		</page>

		<page name="filemanagerchmod_key">
			<template name="body_num"/>
			<template name="ab_ex"/>
			<template name="statusbarinfo"/>

			<action>
				<action function="set">tw_filemanager_rename=%tw_filemanager_rename%</action>
			</action>

			<text style="text_ab_title">
				<placement x="%col1_x_indent%" y="%ab_bc_y%"/>
				<text>{@fm_hdr}</text>
			</text>

			<text style="text_ab_title">
				<placement x="%col1_x_indent%" y="%row1_2_y%" placement="2"/>
				<text>{@fm_set_perms_hdr}</text>
			</text>

			<text style="text_ab_subtitle_lim">
				<placement x="%col1_x_indent%" y="%row1_2_y%"/>
				<text>%tw_filename1%</text>
			</text>

			<button style="actionbar">
				<placement x="%ab_btn1_x%" y="%ab_y%" placement="4"/>
				<action function="set_chmod"/>
				<action function="page">filemanagerchmod</action>
			</button>

			<image>
				<placement x="%ab_btn1_x%" y="%ab_y%" placement="4"/>
				<image resource="actionbar_edit"/>
			</image>

			<text style="caption_hl">
				<placement x="%col1_x_caption%" y="%row2_1a_y%"/>
				<text>{@fm_perms}</text>
			</text>
			
			<input>
				<placement x="%col1_x_caption%" y="%row2_2a_y%" w="%input_w%" h="%input_height%"/>
				<text>%tw_filemanager_rename%</text>
				<data name="tw_filemanager_rename"/>
				<restrict minlen="3" maxlen="4" allow="01234567"/>
				<action function="set">tw_filemanager_command=chmod %tw_filemanager_rename%</action>
				<action function="set">tw_fm_text1=chmod %tw_filemanager_rename%</action>
				<action function="set">tw_back=filemanageroptions</action>
				<action function="page">filemanagerconfirm</action>
			</input>

			<fill color="%accent%">
				<placement x="%col1_x_caption%" y="%row2_3a_y%" w="%input_w%" h="%input_line_height%" placement="1"/>
			</fill>

			<listbox style="btn_list">
				<placement x="0" y="%input_btn_list_y%" w="%screen_w%" h="%bl_h2%"/>
				<listitem name="{@fm_chmod644_btn}">
					<icon res="bs_btn_chmod"/>
					<action function="set">tw_filemanager_rename=0644</action>
				</listitem>
				<listitem name="{@fm_chmod755_btn}">
					<icon res="bs_btn_chmod"/>
					<action function="set">tw_filemanager_rename=0755</action>
				</listitem>
			</listbox>

			<template name="gestures_key"/>
			
			<action>
				<touch key="home"/>
				<action function="page">main</action>
			</action>

			<action>
				<touch key="back"/>
				<action function="page">filemanageroptions</action>
			</action>
		</page>

		<page name="filemanagerconfirm">
			<template name="base_ex"/>

			<text style="text_ab_title">
				<placement x="%col1_x_indent%" y="%ab_bc_y%"/>
				<text>{@fm_hdr}</text>
			</text>

			<text style="text_ab_title">
				<placement x="%col1_x_indent%" y="%row1_2_y%" placement="2"/>
				<text>%tw_fm_text1%</text>
			</text>

			<text style="text_ab_subtitle_lim">
				<condition var1="of_is_batch" op="!=" var2="1"/>
				<placement x="%col1_x_indent%" y="%row1_2_y%"/>
				<text>%tw_filename1%</text>
			</text>

			<text style="text_ab_subtitle">
				<condition var1="of_is_batch" var2="1"/>
				<placement x="%col1_x_indent%" y="%row1_2_y%"/>
				<text>{@batch_files_folders}</text>
			</text>

			<text style="caption">
				<placement x="%col1_x_indent%" y="%row2_1a_y%"/>
				<text>%tw_fm_text2%</text>
			</text>

			<text style="text_body1">
				<placement x="%col1_x_indent%" y="%row2_2a_y%"/>
				<text>%tw_fm_text3%</text>
			</text>

			<text style="caption">
				<placement x="%center_x%" y="%slider_text_y%" placement="5"/>
				<text>{@swipe_to_confirm}</text>
			</text>
			
			<slider style="slider_action">
				<placement x="%center_x%" y="%slider_y%" placement="5"/>
				<action function="set">tw_terminal_location=%tw_file_location1%</action>
				<action function="page">filemanageraction</action>
			</slider>

			<template name="gestures"/>

			<action>
				<touch key="back"/>
				<action function="page">%tw_back%</action>
			</action>

			<action>
				<touch key="home"/>
				<action function="page">main</action>
			</action>
		</page>
		
		<page name="archive_confirm">
			<template name="base_ex"/>

			<text style="text_ab_title">
				<placement x="%col1_x_indent%" y="%ab_bc_y%"/>
				<text>{@fm_hdr}</text>
			</text>

			<text style="text_ab_title">
				<condition var1="tw_extract_action" var2="1"/>
				<placement x="%col1_x_indent%" y="%row1_2_y%" placement="2"/>
				<text>{@fm_open_makezip}</text>
			</text>

			<text style="text_ab_title">
				<condition var1="tw_extract_action" var2="0"/>
				<placement x="%col1_x_indent%" y="%row1_2_y%" placement="2"/>
				<text>{@fm_open_unpackzip}</text>
			</text>

			<text style="text_ab_subtitle_lim">
				<placement x="%col1_x_indent%" y="%row1_2_y%"/>
				<text>%tw_filename1%</text>
			</text>

				<text style="caption">
				<placement x="%col1_x_caption%" y="%row2_1a_y%"/>
				<text>{@arc_type}</text>
			</text>
			
			<listbox>
				<placement x="0" y="%row2_2a_y%" w="%screen_w%" h="%lb_l10%"/>
				<data name="tw_artype"/>
				<listitem name="TAR">1<condition var1="tw_fm_isfolder" var2="1"/></listitem>
				<listitem name="CPIO">2<condition var1="tw_fm_isfolder" var2="1"/></listitem>
				<listitem name="ZIP">0<condition var1="tw_fm_isfolder" var2="1"/></listitem>
				<listitem name="ZIP">0<condition var1="tw_fm_isfolder" var2="0"/></listitem>
				<listitem name="TAR">1<condition var1="tw_fm_isfolder" var2="0"/><condition var1="tw_extract_action" var2="0"/></listitem>
				<listitem name="CPIO">2<condition var1="tw_fm_isfolder" var2="0"/><condition var1="tw_extract_action" var2="0"/></listitem>
				<listitem name="GZIP">3<condition var1="tw_fm_isfolder" var2="0"/></listitem>
				<!--listitem name="BZIP2">4<condition var1="tw_fm_isfolder" var2="0"/></listitem-->
				<!--listitem name="LZOP">6<condition var1="tw_fm_isfolder" var2="0"/></listitem-->
				<listitem name="ZLIB (ZZ)">8<condition var1="tw_fm_isfolder" var2="0"/></listitem>
				<listitem name="LZMA">5<condition var1="tw_extract_action" var2="0"/></listitem> <!-- Unpack only -->
				<listitem name="XZ">7<condition var1="tw_extract_action" var2="0"/></listitem> <!-- Unpack only -->
				<!--listitem name="Z">9<condition var1="tw_extract_action" var2="0"/></listitem--> <!-- Unpack only -->
			</listbox>
			
			<text style="caption">
				<placement x="%col1_x_caption%" y="%row5_3a_y%"/>
				<condition var1="tw_extract_action" var2="1"/>
				<condition var1="tw_artype" op="!=" var2="2"/>
				<condition var1="tw_artype" op="!=" var2="1"/>
				<text>{@arc_lvl_title}</text>
			</text>
			<slidervalue>
				<placement x="%slider_x%" y="%row6_2_y%" w="%slidervalue_w%"/>
				<condition var1="tw_artype" op="!=" var2="1"/>
				<condition var1="tw_artype" op="!=" var2="0"/>
				<condition var1="tw_artype" op="!=" var2="2"/>
				<condition var1="tw_extract_action" var2="1"/>
				<data variable="tw_pack_lvl" min="1" max="9" showrange="0" showcurr="0" changeondrag="1"/>
			</slidervalue>
			<slidervalue>
				<placement x="%slider_x%" y="%row6_2_y%" w="%slidervalue_w%"/>
				<condition var1="tw_artype" var2="0"/>
				<condition var1="tw_extract_action" var2="1"/>
				<data variable="tw_pack_lvl" min="0" max="9" showrange="0" showcurr="0" changeondrag="1"/>
			</slidervalue>
			<text style="text_body1">
				<condition var1="tw_extract_action" var2="1"/>
				<condition var1="tw_artype" op="!=" var2="1"/>
				<condition var1="tw_artype" op="!=" var2="2"/>
				<placement x="%col1_x_indent%" y="%row6_1a_y%"/>
				<text>{@arc_lvl} %tw_pack_lvl%</text>
			</text>
			
			<text style="caption">
				<placement x="%center_x%" y="%slider_text_y%" placement="5"/>
				<text>{@swipe_to_confirm}</text>
			</text>
			
			<slider style="slider_action">
				<placement x="%center_x%" y="%slider_y%" placement="5"/>
				<action function="set">tw_terminal_location=%tw_file_location1%</action>
				<action function="page">archive_cmd</action>
			</slider>

			<action>
				<condition var1="tw_artype" op="!=" var2="0"/>
				<condition var1="tw_pack_lvl" var2="0"/>
				<action function="set">tw_pack_lvl=1</action>
			</action>

			<template name="gestures"/>
			
			<action>
				<touch key="back"/>
				<action function="page">%tw_back%</action>
			</action>

			<action>
				<touch key="home"/>
				<action function="page">main</action>
			</action>
		</page>

		<page name="archive_cmd">
			<template name="base_console_cancel"/>

			<text style="text_ab_title">
				<placement x="%col1_x_indent%" y="%ab_bc_y%"/>
				<text>{@fm_hdr}</text>
			</text>

			<action>
				<condition var1="tw_operation_state" var2="1"/>
				<action function="set">tw_back=filemanagerlist</action>
				<action function="page">filemanagercomplete</action>
			</action>
			
			<action>
				<condition var1="tw_artype" var2="0"/>
				<condition var1="tw_extract_action" op="!=" var2="1"/>
				<action function="terminalcommand">mkdir '%tw_file_location1%/%tw_selection1%_unpack'; unzip -o '%tw_filename1%' -d '%tw_file_location1%/%tw_selection1%_unpack';</action>
				<action function="set">tw_extract_action=0</action>
			</action>

			<action>
				<condition var1="tw_artype" var2="1"/>
				<condition var1="tw_extract_action" op="!=" var2="1"/>
				<action function="terminalcommand">mkdir '%tw_file_location1%/%tw_selection1%_unpack'; tar -xvf '%tw_filename1%' -C '%tw_file_location1%/%tw_selection1%_unpack';</action>
				<action function="set">tw_extract_action=0</action>
			</action>

			<action>
				<condition var1="tw_artype" var2="1"/>
				<condition var1="tw_extract_action" var2="1"/>
				<condition var1="tw_fm_isfolder" var2="1"/>
				<condition var1="tw_hold" op="!=" var2="1"/>
				<action function="terminalcommand">cd '%tw_file_location1%'; tar -cvf '%tw_file_location1%.tar' *;</action>
				<action function="set">tw_extract_action=0</action>
			</action>

			<action>
				<condition var1="tw_artype" var2="1"/>
				<condition var1="tw_extract_action" var2="1"/>
				<condition var1="tw_fm_isfolder" var2="1"/>
				<condition var1="tw_hold" var2="1"/>
				<action function="terminalcommand">cd '%tw_filename1%'; tar -cvf '%tw_filename1%.tar' *;</action>
				<action function="set">tw_extract_action=0</action>
			</action>

			<action>
				<condition var1="tw_artype" var2="0"/>
				<condition var1="tw_extract_action" var2="1"/>
				<condition var1="tw_fm_isfolder" var2="1"/>
				<condition var1="tw_hold" var2="1"/>
				<action function="terminalcommand">
				cd '%tw_filename1%'; [ -x /sbin/zip -o -x /system/bin/zip ] &amp;&amp; zip -r%tw_pack_lvl% '%tw_filename1%.zip' . || echo "- Error - zip binary not found";
				</action>
				<!--action function="terminalcommand">
				[ -x /sbin/zip -o -x /system/bin/zip ] &amp;&amp; zip -r%tw_pack_lvl% '%tw_filename1%.zip' $(basename '%tw_filename1%') || echo "- Error - zip binary not found";
				</action-->
				<action function="set">tw_extract_action=0</action>
			</action>

			<action>
				<condition var1="tw_artype" var2="0"/>
				<condition var1="tw_extract_action" var2="1"/>
				<condition var1="tw_fm_isfolder" op="!=" var2="1"/>
				<action function="terminalcommand">[ -x /sbin/zip -o -x /system/bin/zip ] &amp;&amp; zip -j -%tw_pack_lvl% '%tw_filename1%.zip' '%tw_filename1%' || pigz -%tw_pack_lvl%vkKf '%tw_filename1%';</action>
				<action function="set">tw_extract_action=0</action>
			</action>

			<action>
				<condition var1="tw_artype" var2="1"/>
				<condition var1="tw_extract_action" var2="1"/>
				<condition var1="tw_fm_isfolder" op="!=" var2="1"/>
				<action function="terminalcommand">cd '%tw_file_location1%'; tar -cvf '%tw_filename1%.tar' '%tw_filename1%';</action>
				<action function="set">tw_extract_action=0</action>
			</action>

			<action>
				<condition var1="tw_artype" var2="2"/>
				<condition var1="tw_extract_action" var2="1"/>
				<condition var1="tw_hold" op="!=" var2="1"/>
				<action function="terminalcommand">cd '%tw_file_location1%'; find ./* | cpio -o &gt; '%tw_file_location1%.cpio';</action>
				<action function="set">tw_extract_action=0</action>
			</action>

			<action>
				<condition var1="tw_artype" var2="2"/>
				<condition var1="tw_extract_action" var2="1"/>
				<condition var1="tw_hold" var2="1"/>
				<action function="terminalcommand">cd '%tw_filename1%'; find ./* | cpio -o &gt; '%tw_filename1%.cpio';</action>
				<action function="set">tw_extract_action=0</action>
			</action>

			<action>
				<condition var1="tw_artype" var2="2"/>
				<condition var1="tw_extract_action" op="!=" var2="1"/>
				<action function="terminalcommand">mkdir '%tw_file_location1%/%tw_selection1%_unpack'; cd '%tw_file_location1%/%tw_selection1%_unpack'; cpio -idv &lt; '../%tw_selection1%';</action>
				<action function="set">tw_extract_action=0</action>
			</action>

			<action>
				<condition var1="tw_artype" var2="3"/>
				<condition var1="tw_extract_action" op="!=" var2="1"/>
				<action function="terminalcommand">pigz -vdf '%tw_filename1%';</action>
				<action function="set">tw_extract_action=0</action>
			</action>

			<action>
				<condition var1="tw_artype" var2="4"/>
				<condition var1="tw_extract_action" op="!=" var2="1"/>
				<action function="terminalcommand">bzip2 -vdf '%tw_filename1%';</action>
				<action function="set">tw_extract_action=0</action>
			</action>

			<action>
				<condition var1="tw_artype" var2="6"/>
				<condition var1="tw_extract_action" op="!=" var2="1"/>
				<action function="terminalcommand">lzop -fvd '%tw_filename1%';</action>
				<action function="set">tw_extract_action=0</action>
			</action>

			<action>
				<condition var1="tw_artype" var2="8"/>
				<condition var1="tw_extract_action" op="!=" var2="1"/>
				<action function="terminalcommand">pigz -dzfv '%tw_filename1%';</action>
				<action function="set">tw_extract_action=0</action>
			</action>

			<action>
				<condition var1="tw_artype" var2="3"/>
				<condition var1="tw_extract_action" var2="1"/>
				<action function="terminalcommand">pigz -%tw_pack_lvl%fv '%tw_filename1%';</action>
				<action function="set">tw_extract_action=0</action>
			</action>

			<action>
				<condition var1="tw_artype" var2="4"/>
				<condition var1="tw_extract_action" var2="1"/>
				<action function="terminalcommand">bzip2 -%tw_pack_lvl%f '%tw_filename1%';</action>
				<action function="set">tw_extract_action=0</action>
			</action>

			<action>
				<condition var1="tw_artype" var2="6"/>
				<condition var1="tw_extract_action" var2="1"/>
				<action function="terminalcommand">lzop -fv%tw_pack_lvl% '%tw_filename1%';</action>
				<action function="set">tw_extract_action=0</action>
			</action>

			<action>
				<condition var1="tw_artype" var2="8"/>
				<condition var1="tw_extract_action" var2="1"/>
				<action function="terminalcommand">pigz -%tw_pack_lvl%zfv '%tw_filename1%';</action>
				<action function="set">tw_extract_action=0</action>
			</action>

			<action>
				<condition var1="tw_artype" var2="7"/>
				<action function="terminalcommand">xz -df '%tw_filename1%';</action>
				<action function="set">tw_extract_action=0</action>
			</action>

			<action>
				<condition var1="tw_artype" var2="5"/>
				<action function="terminalcommand">lzma -df '%tw_filename1%';</action>
				<action function="set">tw_extract_action=0</action>
			</action>

			<action>
				<condition var1="tw_artype" var2="9"/>
				<action function="terminalcommand">uncompress -f '%tw_filename1%';</action>
				<action function="set">tw_extract_action=0</action>
			</action>
			
			<text style="text_ab_title">
				<condition var1="tw_extract_action" var2="1"/>
				<placement x="%col1_x_indent%" y="%row1_2_y%" placement="2"/>
				<text>{@fm_open_makezip}</text>
			</text>

			<text style="text_ab_title">
				<condition var1="tw_extract_action" var2="0"/>
				<placement x="%col1_x_indent%" y="%row1_2_y%" placement="2"/>
				<text>{@fm_open_unpackzip}</text>
			</text>

			<text style="text_ab_subtitle_lim">
				<placement x="%col1_x_indent%" y="%row1_2_y%"/>
				<text>%tw_filename1%</text>
			</text>
		</page>
		
		<page name="filemanageraction">
			<template name="base_console_cancel"/>

			<text style="text_ab_title">
				<placement x="%col1_x_indent%" y="%ab_bc_y%"/>
				<text>{@fm_hdr}</text>
			</text>

			<text style="text_ab_title">
				<placement x="%col1_x_indent%" y="%row1_2_y%" placement="2"/>
				<text>%tw_fm_text1%</text>
			</text>
			
			<text style="text_ab_subtitle">
				<condition var1="of_is_batch" var2="1"/>
				<placement x="%col1_x_indent%" y="%row1_2_y%"/>
				<text>{@batch_progress}: %of_batch_done%/%of_batch_count%</text>
			</text>
			
			<text style="text_ab_subtitle_lim">			
				<condition var1="of_is_batch" op="!=" var2="1"/>
				<placement x="%col1_x_indent%" y="%row1_2_y%"/>
				<text>%tw_filename1%</text>
			</text>
			
			<action>
				<condition var1="tw_operation_state" var2="1"/>
				<action function="set">tw_back=filemanagerlist</action>
				<action function="page">filemanagercomplete</action>
			</action>

			<action>
				<condition var1="of_is_batch" op="!=" var2="1"/>
				<condition var1="tw_include_text3" var2="0"/>
				<action function="terminalcommand">%tw_filemanager_command% '%tw_filename1%'</action>
			</action>

			<action>
				<condition var1="of_is_batch" op="!=" var2="1"/>
				<condition var1="tw_include_text3" var2="1"/>
				<action function="terminalcommand">%tw_filemanager_command% '%tw_filename1%' '%tw_fm_text3%'</action>
			</action>

			<action>
				<condition var1="of_is_batch" var2="1"/>
				<condition var1="tw_include_text3" var2="0"/>
				<action function="set">of_batch_files_cmd=%of_batch_cmd_f% '%tw_file_location1%/%%s'</action>
				<action function="set">of_batch_folders_cmd=%of_batch_cmd_d% '%tw_file_location1%/%%s'</action>
				<action function="batch"/>
			</action>

			<action>
				<condition var1="of_is_batch" var2="1"/>
				<condition var1="tw_include_text3" var2="1"/>
				<action function="set">of_batch_files_cmd=%of_batch_cmd_f% '%tw_file_location1%/%%s' '%tw_fm_text3%'</action>
				<action function="set">of_batch_folders_cmd=%of_batch_cmd_d% '%tw_file_location1%/%%s' '%tw_fm_text3%'</action>
				<action function="batch"/>
			</action>
		</page>

		<page name="filemanagercomplete">
			<template name="base_done"/>

			<text style="text_ab_title">
				<placement x="%col1_x_indent%" y="%ab_bc_y%"/>
				<text>{@fm_hdr}</text>
			</text>

			<text style="text_ab_subtitle">
				<condition var1="of_is_batch" op="!=" var2="1"/>
				<placement x="%col1_x_indent%" y="%row1_2_y%"/>
				<text>{@fm_complete}</text>
			</text>
			
			<text style="text_ab_subtitle">
				<condition var1="of_is_batch" var2="1"/>
				<placement x="%col1_x_indent%" y="%row1_2_y%"/>
				<text>{@batch_progress}: %of_batch_done%/%of_batch_count%</text>
			</text>

			<template name="back_btn"/>

			<template name="gestures"/>

			<action>
				<touch key="home"/>
				<action function="set">tw_reload_fm=1</action>
				<action function="set">tw_clear_destination=main</action>
				<action function="page">clear_vars</action>
			</action>

			<action>
				<touch key="back"/>
				<action function="set">tw_reload_fm=1</action>
				<action function="set">tw_clear_destination=%tw_back%</action>
				<action function="page">clear_vars</action>
			</action>
		</page>

		<page name="cat_file">
			<action>
				<action function="set">of_file_to_read=%tw_filename1%</action>
			</action>

			<listbox style="textbox">
				<font resource="fixed" spacing="1" color="%text%"/>
				<placement x="%col1_x%" y="%ab_ex_h%" w="%console_width%" h="%fileselector_terminal_height%"/>
				<data name="of_file_to_read" />
			</listbox>
			
			<template name="base_ex"/>
			
			<animation>
				<condition var1="tw_busy" var2="1"/>
				<placement x="%progressbar_x%" y="%progressbar_y%"/>
				<resource name="progress"/>
				<speed fps="30" render="2"/>
				<loop frame="1"/>
			</animation>
			
			<text style="text_ab_title">
				<placement x="%col1_x_indent%" y="%ab_bc_y%"/>
				<text>{@fm_hdr}</text>
			</text>

			<text style="text_ab_title">
				<placement x="%col1_x_indent%" y="%row1_2_y%" placement="2"/>
				<text>{@fm_open_text}</text>
			</text>

			<text style="text_ab_subtitle_lim">
				<placement x="%col1_x_indent%" y="%row1_2_y%"/>
				<text>%tw_filename1%</text>
			</text>

			<template name="gestures"/>

			<action>
				<touch key="home"/>
				<action function="set">of_file_to_read=</action>
				<action function="page">main</action>
			</action>

			<action>
				<touch key="back"/>
				<action function="set">of_file_to_read=</action>
				<action function="page">filemanagerlist</action>
			</action>
		</page>
	</pages>
</recovery>
