<?xml version="1.0"?>
<recovery>
	<pages>
        <page name="fox_ota">
			<fill color="%unactive_title%">
				<placement x="0" y="%ab_h%" w="%screen_w%" h="%ab_btn_h%"/>
			</fill>

			<image style="switch_off">
				<placement x="%ab_btn1_x%" y="%ab2_y%" placement="4"/>
			</image>

			<fill color="%accent%">
				<condition var1="fox_support_miui_ota" var2="1"/>
				<condition var1="fox_include_system_survival" var2="1"/>
				<placement x="0" y="%ab_h%" w="%screen_w%" h="%ab_btn_h%"/>
			</fill>

			<image style="switch_on">
				<condition var1="fox_support_miui_ota" var2="1"/>
				<condition var1="fox_include_system_survival" var2="1"/>
				<placement x="%ab_btn1_x%" y="%ab2_y%" placement="4"/>
			</image>
			
			<text style="text_ab_switch">
				<placement x="%col1_x_indent%" y="%ab_bc2_y%"/>
				<text>{@fox_miui_ota_on}</text>
			</text>

			<button style="bs_btn">
				<placement x="0" y="%ab_h%" w="%screen_w%" h="%ab_btn_h%"/>
				<action function="set">fox_support_miui_ota=1</action>
				<action function="set">fox_include_system_survival=1</action>
			</button>

			<button style="bs_btn">
				<condition var1="fox_support_miui_ota" var2="1"/>
				<condition var1="fox_include_system_survival" var2="1"/>
				<placement x="0" y="%ab_h%" w="%screen_w%" h="%ab_btn_h%"/>
				<action function="set">fox_support_miui_ota=0</action>
				<action function="set">fox_include_system_survival=0</action>
			</button>
		
            <template name="base"/>

            <text style="text_ab_title">
				<placement x="%col1_x_indent%" y="%ab_bc_y%"/>
				<text>OTA</text>
			</text>

			<!-- Check MIUI Bak file -->
			<action>
				<action function="set">tw_simulate_actions=0</action>
				<action function="set">tw_simulate_fail=0</action>
				<action function="mount">data</action>
				<action function="fileexists">/sdcard/Fox/OTA/boot.emmc.win</action>
			</action>

			<action>
				<condition var1="tw_operation_state" var2="1"/>
				<condition var1="tw_operation_status" var2="0"/>
				<action function="set">ota_back_file=1</action>
			</action>

			<action>
				<condition var1="tw_operation_state" var2="1"/>
				<condition var1="tw_operation_status" var2="1"/>
				<action function="set">ota_back_file=0</action>
			</action>
			<!-- -->

			<image>
				<condition var1="ota_back_file" var2="0"/>
				<condition var1="fox_support_miui_ota" var2="1"/>
				<placement x="%col1_x%" y="%row1_3a_y%"/>
				<image resource="icon_warning"/>
			</image>

			<image>
				<condition var1="ota_back_file" var2="1"/>
				<condition var1="fox_support_miui_ota" var2="1"/>
				<placement x="%col1_x%" y="%row1_3a_y%"/>
				<image resource="icon_info"/>
			</image>

			<image>
				<condition var1="fox_support_miui_ota" var2="0"/>
				<placement x="%col1_x%" y="%row1_3a_y%"/>
				<image resource="icon_info"/>
			</image>

			<text style="text_body2_fail">
				<condition var1="ota_back_file" var2="0"/>
				<condition var1="fox_support_miui_ota" var2="1"/>
				<placement x="%col1_x_indent%" y="%row1_3a_y%"/>
				<text>{@fox_ota_msg_reflash}</text>
			</text>

			<text style="text_body2_hl">
				<condition var1="ota_back_file" var2="1"/>
				<condition var1="fox_support_miui_ota" var2="1"/>
				<placement x="%col1_x_indent%" y="%row1_3a_y%"/>
				<text>{@fox_ota_msg_ready}</text>
			</text>

			<text style="text_body2_hl">
				<condition var1="fox_support_miui_ota" var2="0"/>
				<placement x="%col1_x_indent%" y="%row1_3a_y%"/>
				<text>{@fox_ota_msg_custom}</text>
			</text>
			
			<text style="caption">
				<placement x="%col1_x_caption%" y="%row2_2a_y%"/>
				<text>{@fox_ota_settings}</text>
			</text>

            <listbox style="settingslist">
				<placement x="0" y="%row2_3a_y%" w="%screen_w%" h="%lb_l5%"/>
				<listitem name="{@fox_support_miui_ota_chk}">
					<data variable="fox_support_miui_ota"/>
				</listitem>	
				<listitem name="{@fox_include_system_survival_chk}">
					<data variable="fox_include_system_survival"/>
				</listitem>
				<listitem name="{@fox_verify_incremental_ota_signature_chk}">
					<data variable="fox_verify_incremental_ota_signature"/>
				</listitem>
				<listitem name="{@FOX_DISABLE_OTA_AUTO_REBOOT_chk}">
					<data variable="fox_disable_ota_auto_reboot_check"/>
				</listitem>
				<listitem name="{@cust_new_ota_screen}">
					<data variable="ota_new_screen"/>
				</listitem>
			</listbox>

			<text style="caption">
				<placement x="%col1_x_caption%" y="%row6_1a_y%"/>
				<text>{@fox_patch_rom}</text>
			</text>

			<listbox style="settingslist">
				<placement x="0" y="%row6_2a_y%" w="%screen_w%" h="%lb_l3%"/>
				<listitem name="{@fox_dmverity_chk}">
					<data variable="fox_reboot_dm_verity_check"/>
				</listitem>
				<listitem name="{@fox_forced_encryption_chk}">
					<data variable="fox_reboot_forced_encryption_check"/>
				</listitem>
				<listitem name="{@fox_advanced_stock_recovery}">
					<data variable="fox_reboot_advanced_stock_recovery_check"/>
				</listitem>
			</listbox>

			<template name="gestures"/>

            <action>
				<touch key="home"/>
				<action function="page">main</action>
			</action>

			<action>
				<touch key="back"/>
				<action function="page">settings</action>
			</action>
        </page>

        <page name="fox_ota_lite">
			<template name="base"/>

            <text style="text_ab_title">
				<placement x="%col1_x_indent%" y="%ab_bc_y%"/>
				<text>{@fox_ota_lite}</text>
			</text>
			
			<text style="caption">
				<placement x="%col1_x_caption%" y="%row1_1_y%"/>
				<text>{@fox_ota_settings}</text>
			</text>

            <listbox style="settingslist">
				<placement x="0" y="%row1_2_y%" w="%screen_w%" h="%lb_l1%"/>
				<listitem name="{@FOX_DISABLE_OTA_AUTO_REBOOT_chk}">
					<data variable="fox_disable_ota_auto_reboot_check"/>
				</listitem>
			</listbox>

			<text style="caption">
				<placement x="%col1_x_caption%" y="%row2_1a_y%"/>
				<text>{@fox_patch_rom}</text>
			</text>

            <listbox style="settingslist">
				<placement x="0" y="%row2_2a_y%" w="%screen_w%" h="%lb_l3%"/>
				<listitem name="{@fox_dmverity_chk}">
					<data variable="fox_reboot_dm_verity_check"/>
				</listitem>
				<listitem name="{@fox_forced_encryption_chk}">
					<data variable="fox_reboot_forced_encryption_check"/>
				</listitem>
				<listitem name="{@fox_advanced_stock_recovery}">
					<data variable="fox_reboot_advanced_stock_recovery_check"/>
				</listitem>
			</listbox>

			<template name="gestures"/>

            <action>
				<touch key="home"/>
				<action function="page">main</action>
			</action>

			<action>
				<touch key="back"/>
				<action function="page">settings</action>
			</action>
        </page>

		<page name="fox_lab">
			<listbox style="btn_list">
				<placement x="0" y="%ab_h%" w="%screen_w%" h="%bl_fullscreen_h%"/>
				<icon selected="bs_adv_se" unselected="bs_adv_se" />
				<listitem name="Kill recovery">
					<action function="ftls">pkill recovery</action>
				</listitem>
				<listitem name="Theme debug tools">
					<action function="page">debug</action>
				</listitem>
				<listitem name="Alt pages">
					<action function="page">debug_pages</action>
				</listitem>
				<listitem name="Unpack OrangeFox">
					<action function="wlfw"/>
				</listitem>
				<listitem name="Repack OrangeFox">
					<action function="wlfx"/>
				</listitem>
				<listitem name="Disable recovery replace">
					<action function="disable_replace"/>
				</listitem>
				<listitem name="OTA deactivation">
					<action function="calldeactivateprocess"/>
				</listitem>
				<listitem name="Set screen size to 1920">
					<condition var1="screen_original_h" op="!=" var2="1920"/>
					<action function="ftls">
						[ ! -d "/sdcard/Fox/.navbar" ] &amp;&amp; mkdir -p "/sdcard/Fox/.navbar"
						cat "/twres/themes/sed/navbar.xml" | sed -e "s/#NAVBAR_DISABLE#/0/g;
						s/#SCREEN_H#/1920/g" > /sdcard/Fox/.navbar/navbar.xml;
					</action>
					<action function="reload"/>
				</listitem>
				<listitem name="Set screen size to %screen_original_h%">
					<action function="ftls">
						[ ! -d "/sdcard/Fox/.navbar" ] &amp;&amp; mkdir -p "/sdcard/Fox/.navbar"
						cat "/twres/themes/sed/navbar.xml" | sed -e "s/#NAVBAR_DISABLE#/0/g;
						s/#SCREEN_H#/%screen_original_h%/g" > /sdcard/Fox/.navbar/navbar.xml;
					</action>
					<action function="reload"/>
				</listitem>
				<listitem name="Set screen size to %screen_original_h% + 96">
					<action function="ftls">
						[ ! -d "/sdcard/Fox/.navbar" ] &amp;&amp; mkdir -p "/sdcard/Fox/.navbar"
						cat "/twres/themes/sed/navbar.xml" | sed -e "s/#NAVBAR_DISABLE#/0/g;
						s/#SCREEN_H#/$(expr %screen_original_h% + 96)/g" > /sdcard/Fox/.navbar/navbar.xml;
					</action>
					<action function="reload"/>
				</listitem>
				
				<listitem name="Apply scaling">
					<action function="page">scaling</action>
				</listitem>
				<listitem name="Reset scaling">
					<action function="ftls">rm -f /sdcard/Fox/scaling; pkill recovery</action>
				</listitem>
			</listbox>

			<template name="base"/>

			<template name="gestures"/>

			<text style="text_ab_title">
				<placement x="%col1_x_indent%" y="%ab_bc_y%"/>
				<text>OrangeFox Lab (Beta)</text>
			</text>
			
			<action>
				<touch key="home"/>
				<action function="page">main</action>
			</action>

			<action>
				<touch key="back"/>
				<action function="page">settings</action>
			</action>
		</page>

		<page name="debug_pages">
			<template name="base"/>

			<text style="text_ab_title">
				<placement x="%col1_x_indent%" y="%ab_bc_y%"/>
				<text>Alt pages</text>
			</text>
			
			<text style="caption">
				<placement x="%col1_x_caption%" y="%row1_1_y%"/>
				<text>Pages</text>
			</text>

			<listbox>
				<placement x="0" y="%row1_2_y%" w="%screen_w%" h="%lb_l10%"/>
				<data name="dbg_page"/>
				<listitem name="fox_ota_lite">fox_ota_lite</listitem>
				<listitem name="fox_ota">fox_ota</listitem>
				<listitem name="ext_custom_nav_no_switch">ext_custom_nav_no_switch</listitem>
				<listitem name="ext_custom_nav">ext_custom_nav</listitem>
				<listitem name="ext_custom_fonts_cn">ext_custom_fonts_cn</listitem>
				<listitem name="ext_custom_fonts">ext_custom_fonts</listitem>
			</listbox>
			
			<image>
				<placement x="%btn_float_x%" y="%btn_float_y%" placement="4"/>
				<image resource="fab_shadow"/>
			</image>

			<button style="floating_btn">
				<placement x="%btn_float_x%" y="%btn_float_y%" placement="4"/>
				<action function="page">%dbg_page%</action>
			</button>
			
			<image>
				<placement x="%btn_float_x%" y="%btn_float_y%" placement="4"/>
				<image resource="fab_accept"/>
			</image>

			<template name="gestures"/>

			<action>
				<touch key="home"/>
				<action function="page">main</action>
			</action>

			<action>
				<touch key="back"/>
				<action function="page">fox_lab</action>
			</action>
		</page>
		
		<!-- Debug -->
		<page name="debug">
			<template name="base_key"/>
			
			<button style="actionbar">
				<placement x="%ab_btn1_x%" y="%ab_y%" placement="4"/>
				<action function="reload"/>
			</button>

			<image>
				<placement x="%ab_btn1_x%" y="%ab_y%" placement="4"/>
				<image resource="actionbar_reset"/>
			</image>
			
			<button style="actionbar">
				<placement x="%ab_btn2_x%" y="%ab_y%" placement="4"/>
				<action function="page">debug_plus</action>
			</button>

			<image>
				<placement x="%ab_btn2_x%" y="%ab_y%" placement="4"/>
				<image resource="actionbar_settings"/>
			</image>

			<text style="text_ab_title">
				<placement x="%col1_x_indent%" y="%ab_bc_y%"/>
				<text>{@dbg}</text>
			</text>

			<text style="caption">
				<placement x="%col1_x_caption%" y="%row2_1_y%"/>
				<text>{@dbg_func}</text>
			</text>

			<listbox>
				<placement x="0" y="%row2_2_y%" w="%screen_w%" h="%lb_l3%"/>
				<data name="dbg"/>
				<listitem name="{@dbg_page}">page</listitem>
				<listitem name="{@dbg_set}">set</listitem>
				<listitem name="{@dbg_overlay}">overlay</listitem>
			</listbox>
			
			<text style="caption">
				<placement x="%col1_x_caption%" y="%row4_1a_y%"/>
				<text>{@cust_oth}</text>
			</text>

			<listbox style="settingslist">
				<placement x="0" y="%row4_2a_y%" w="%screen_w%" h="%lb_l2%"/>
				<listitem name="{@simact_chk}">
					<data variable="tw_simulate_actions"/>
				</listitem>
				<listitem name="{@simfail_chk}">
					<condition var1="tw_simulate_actions" var2="1"/>
					<data variable="tw_simulate_fail"/>
				</listitem>
			</listbox>

			<text style="caption_hl">
				<placement x="%col1_x_caption%" y="%row1_1_y%"/>
				<text>{@dbg_act}</text>
			</text>

			<input>
				<placement x="%col1_x_caption%" y="%row1_2_y%" w="%input_w%" h="%input_height%"/>
				<text>%dbg_b%</text>
				<data name="dbg_b"/>
				<restrict minlen="0" maxlen="512"/>
				<action function="set">tw_back=debug</action>
				<action function="%dbg%">%dbg_b%</action>
			</input>

			<fill color="%accent%">
				<placement x="%col1_x_caption%" y="%row1_3_y%" w="%input_w%" h="%input_line_height%" placement="1"/>
			</fill>

			<template name="gestures_key"/>

			<action>
				<touch key="home"/>
				<action function="page">main</action>
			</action>

			<action>
				<touch key="back"/>
				<action function="page">fox_lab</action>
			</action>
		</page>

		<page name="debug_plus">
			<template name="base_key"/>

			<text style="text_ab_title">
				<placement x="%col1_x_indent%" y="%ab_bc_y%"/>
				<text>{@dbg}</text>
			</text>

			<text style="caption_hl">
				<placement x="%col1_x_caption%" y="%row1_1_y%"/>
				<text>{@dbg_func}</text>
			</text>

			<input>
				<placement x="%col1_x_caption%" y="%row1_2_y%" w="%input_w%" h="%input_height%"/>
				<text>%dbg%</text>
				<data name="dbg"/>
				<restrict minlen="1" maxlen="32" allow="abcdefghijklmnopqrstuvwxyzABCDEFGHIJKLMNOPQRSTUVWXYZ1234567890_="/>
				<action function="page">debug</action>
			</input>

			<fill color="%accent%">
				<placement x="%col1_x_caption%" y="%row1_3_y%" w="%input_w%" h="%input_line_height%" placement="1"/>
			</fill>

			<template name="gestures_key"/>

			<action>
				<touch key="home"/>
				<action function="page">main</action>
			</action>

			<action>
				<touch key="back"/>
				<action function="page">debug</action>
			</action>
		</page>
		
		<page name="scaling">
			<template name="base_key"/>

			<text style="text_ab_title">
				<placement x="%col1_x_indent%" y="%ab_bc_y%"/>
				<text>{@dbg}</text>
			</text>

			<text style="caption_hl">
				<placement x="%col1_x_caption%" y="%row1_1_y%"/>
				<text>Set scaling (eg. 0.5)</text>
			</text>

			<input>
				<placement x="%col1_x_caption%" y="%row1_2_y%" w="%input_w%" h="%input_height%"/>
				<text>%scaling_dbg%</text>
				<data name="scaling_dbg"/>
				<restrict minlen="1" maxlen="6" allow="1234567890."/>
				<action function="ftls">echo "%scaling_dbg%" > /sdcard/Fox/scaling; pkill recovery</action>
			</input>

			<fill color="%accent%">
				<placement x="%col1_x_caption%" y="%row1_3_y%" w="%input_w%" h="%input_line_height%" placement="1"/>
			</fill>

			<template name="gestures_key"/>

			<action>
				<touch key="home"/>
				<action function="page">main</action>
			</action>

			<action>
				<touch key="back"/>
				<action function="page">fox_lab</action>
			</action>
		</page>
    </pages>
</recovery>
