<?xml version="1.0"?>
<recovery>
	<pages>
		<page name="magisk_mount">
			<action>
				<action function="ftls">
					prop="/data/adb/magisk/util_functions.sh"
					found="twrp xset ft_mm_found="
					mcore="twrp xset magisk_core="
  
					if [ ! -d "/data/adb/modules" ] || [ ! -f "$prop" ]
					then ${found}0; exit 1; else ${found}1; fi
					if [ -f "/cache/.disable_magisk" ] || [ -f "/data/cache/.disable_magisk" ]
					then ${mcore}1; else ${mcore}0; fi
					
					twrp xset ft_mm_ver=$(cat "$prop" | grep "MAGISK_VER=" | cut -d'=' -f2 | sed 's*"**g')
				</action>
			</action>

			<action>
				<condition var1="ftls_running" var2="0"/>
				<condition var1="ft_mm_found" var2="1"/>
				<action function="set">mmgui_path=/data/adb/modules</action>
				<action function="page">magisk</action>
			</action>

			<action>
				<condition var1="ftls_running" var2="0"/>
				<condition var1="ft_mm_found" op="!=" var2="1"/>
				<action function="overlay">dialog_magisk_not_found</action>
				<action function="page">advanced</action>
			</action>
		</page>

		<page name="magisk">
			<fill color="%accent%">
				<condition var1="magisk_core" var2="1"/>
				<placement x="0" y="%ab_h%" w="%screen_w%" h="%ab_btn_h%"/>
			</fill>

			<fill color="%unactive_title%">
				<condition var1="magisk_core" op="!=" var2="1"/>
				<placement x="0" y="%ab_h%" w="%screen_w%" h="%ab_btn_h%"/>
			</fill>

			<image style="switch_off">
				<condition var1="magisk_core" op="!=" var2="1"/>
				<placement x="%ab_btn1_x%" y="%ab2_y%" placement="4"/>
			</image>

			<image style="switch_on">
				<condition var1="magisk_core" var2="1"/>
				<placement x="%ab_btn1_x%" y="%ab2_y%" placement="4"/>
			</image>

			<text style="text_ab_switch">
				<placement x="%col1_x_indent%" y="%ab_bc2_y%"/>
				<text>Magisk Core</text>
			</text>

			<button style="bs_btn">
				<placement x="0" y="%ab_h%" w="%screen_w%" h="%ab_btn_h%"/>
				<action function="ftls">
					file1="/data/cache/.disable_magisk"
					file2="/cache/.disable_magisk"
					core="twrp xset magisk_core="

					if [ -f "$file1" ] || [ -f "$file2" ]
					then rm "$file1" "$file2"; else touch "$file1" "$file2"; fi
					if [ -f "$file1" ] || [ -f "$file2" ]
					then ${core}1; else ${core}0; fi
				</action>
				<action function="page">magisk</action>
			</button>

			<template name="base"/>

			<text style="text_ab_title">
				<placement x="%col1_x_indent%" y="%ab_bc_y%"/>
				<text>Magisk Manager</text>
			</text>

			<button style="actionbar">
				<placement x="%ab_btn1_x%" y="%ab_y%" placement="4"/>
				<condition var1="fileexists" var2="/sdcard/Fox/FoxFiles/%fox_magisk_uninstaller%"/>
				<action function="set">install_back=magisk_mount</action>
				<action function="page">mod_unmagisk</action>
			</button>

			<image>
				<condition var1="fileexists" var2="/sdcard/Fox/FoxFiles/%fox_magisk_uninstaller%"/>
				<placement x="%ab_btn1_x%" y="%ab_y%" placement="4"/>
				<image resource="actionbar_delete"/>
			</image>

			<text style="caption">
				<placement x="%col1_x_caption%" y="%row1_3a_y%"/>
				<text>{@mm_ver}</text>
			</text>

			<text style="text_body1">
				<placement x="%col1_x_caption%" y="%row2_1a_y%"/>
				<text>%ft_mm_ver%</text>
			</text>

			<button style="menu_btn">
				<condition var1="fileexists" var2="/sdcard/Fox/FoxFiles/%fox_magisk_zip_installer%"/>
				<placement x="%col1_x_caption%" y="%row1_3a_y%" w="%input_w%" h="%mb_h_hide%"/>
				<action function="set">install_back=magisk_mount</action>
				<action function="page">mod_magisk</action>
			</button>

			<text style="caption">
				<condition var1="magisk_core" op="!=" var2="1"/>
				<placement x="%col1_x_caption%" y="%row2_3a_y%"/>
				<text>{@mm_modules}</text>
			</text>

			<fileselector style="fileselector_b">
				<condition var1="magisk_core" op="!=" var2="1"/>
				<condition var1="list_font" var2="1"/>
				<placement x="0" y="%row3_1a_y%" w="%fileselector_width%" h="%magisk_list_h%"/>
				<sort name="0"/>
				<icon folder="module_icon" file="module_icon" />
				<filter folders="1" files="0" nav="0" hidden="1"/>
				<path name="mmgui_path" default="/data/adb/modules"/>
				<data name="mmgui_file"/>
				<selection name="mmgui_select"/>
			</fileselector>

			<fileselector style="fileselector_s">
				<condition var1="magisk_core" op="!=" var2="1"/>
				<condition var1="list_font" op="!=" var2="1"/>
				<placement x="0" y="%row3_1a_y%" w="%fileselector_width%" h="%magisk_list_h%"/>
				<sort name="0"/>
				<iconsize w="%col1_x_indent%" h="90" padding="25"/>
				<icon folder="module_icon_small" file="module_icon_small" />
				<filter folders="1" files="0" nav="0" hidden="1"/>
				<path name="mmgui_path" default="/data/adb/modules"/>
				<data name="mmgui_file"/>
				<selection name="mmgui_select"/>
			</fileselector>

			<action>
				<condition var1="mmgui_file" op="modified"/>
				<action function="ftls">
					set="twrp xset mmodule_"
					prop(){ twrp xset ft_mm_${1}="$(cat "%mmgui_file%/module.prop" | grep "${1}=" | cut -d'=' -f2)"; }
					stat(){ if [ -f "%mmgui_file%/${1}" ]; then ${set}${1}=1; else ${set}${1}=0; fi; }

					prop name; prop author; prop version; stat disable; stat auto_mount; stat remove;
				</action>
				<action function="page">magisk_actions</action>
			</action>

			<template name="gestures"/>

			<action>
				<touch key="home"/>
				<action function="page">main</action>
			</action>

			<action>
				<touch key="back"/>
				<action function="page">advanced</action>
			</action>
		</page>

		<page name="magisk_actions">
			<fill color="%accent%">
				<condition var1="mmodule_disable" op="!=" var2="1"/>
				<placement x="0" y="%ab_ex_h%" w="%screen_w%" h="%ab_btn_h%"/>
			</fill>

			<fill color="%unactive_title%">
				<condition var1="mmodule_disable" var2="1"/>
				<placement x="0" y="%ab_ex_h%" w="%screen_w%" h="%ab_btn_h%"/>
			</fill>

			<image style="switch_off">
				<condition var1="mmodule_disable" var2="1"/>
				<placement x="%ab_btn1_x%" y="%ab3_y%" placement="4"/>
			</image>

			<image style="switch_on">
				<condition var1="mmodule_disable" op="!=" var2="1"/>
				<placement x="%ab_btn1_x%" y="%ab3_y%" placement="4"/>
			</image>

			<text style="text_ab_switch">
				<placement x="%col1_x_indent%" y="%ab_bc3_y%"/>
				<text>{@mm_module_active}</text>
			</text>

			<button style="bs_btn">
				<placement x="0" y="%ab_ex_h%" w="%screen_w%" h="%ab_btn_h%"/>
				<action function="ftls">
					file="%mmgui_file%/disable"
					var="twrp xset mmodule_disable="

					if [ -f "$file" ]; then rm "$file" &amp;&amp; ${var}0
					else touch "$file" &amp;&amp; ${var}1; fi
				</action>
				<action function="page">magisk_actions</action>
			</button>

			<template name="base_ex"/>

			<text style="text_ab_title">
				<placement x="%col1_x_indent%" y="%ab_bc_y%"/>
				<text>Magisk Manager</text>
			</text>

			<text style="text_ab_title">
				<placement x="%col1_x_indent%" y="%row1_2_y%" placement="2"/>
				<text>%ft_mm_name%</text>
			</text>

			<text style="text_ab_subtitle">
				<placement x="%col1_x_indent%" y="%row1_2_y%"/>
				<text>%ft_mm_author%</text>
			</text>

			<text style="caption">
				<placement x="%col1_x_caption%" y="%row3_1_y%"/>
				<text>{@mm_mod_ver}</text>
			</text>

			<text style="text_body1">
				<placement x="%col1_x_caption%" y="%row3_2_y%"/>
				<text>%ft_mm_version%</text>
			</text>

			<text style="caption">
				<placement x="%col1_x_caption%" y="%row4_1_y%"/>
				<text>{@fm_path2}</text>
			</text>

			<text style="text_body1">
				<placement x="%col1_x_caption%" y="%row4_2_y%"/>
				<text>%mmgui_file%</text>
			</text>

			<button style="menu_btn">
				<placement x="%col1_x_caption%" y="%row4_1_y%" w="%input_w%" h="%mb_h_hide%"/>
				<action function="set">tw_file_location1=%mmgui_file%</action>
				<action function="set">tw_reload_fm=1</action>
				<action function="page">filemanagerlist</action>
			</button>

			<text style="caption">
				<placement x="%col1_x_caption%" y="%row5_1_y%"/>
				<text>{@cust_oth}</text>
			</text>

			<listbox style="settingslist">
				<placement x="0" y="%row5_2_y%" w="%screen_w%" h="%lb_l2%"/>
				<listitem name="{@mm_module_mount}">
					<condition var1="mmodule_auto_mount" op="!=" var2="0"/>
					<icon res="checkbox_true"/>
					<action function="ftls">rm "%mmgui_file%/auto_mount" &amp;&amp; twrp xset mmodule_auto_mount=0</action>
				</listitem>
				<listitem name="{@mm_module_mount}">
					<condition var1="mmodule_auto_mount" var2="0"/>
					<icon res="checkbox_false"/>
					<action function="ftls">touch "%mmgui_file%/auto_mount" &amp;&amp; twrp xset mmodule_auto_mount=1</action>
				</listitem>
				<listitem name="{@mm_remove}">
					<condition var1="mmodule_remove" op="!=" var2="0"/>
					<icon res="checkbox_true"/>
					<action function="ftls">rm "%mmgui_file%/remove" &amp;&amp; twrp xset mmodule_remove=0</action>
				</listitem>
				<listitem name="{@mm_remove}">
					<condition var1="mmodule_remove" var2="0"/>
					<icon res="checkbox_false"/>
					<action function="page">magisk_delete</action>
				</listitem>
			</listbox>

			<image>
				<image resource="snackbar"/>
				<condition var1="mmodule_remove" op="!=" var2="0"/>
				<placement x="0" y="%row_nav_y%" placement="2"/>
			</image>
			
			<text style="text_body1">
				<condition var1="mmodule_remove" op="!=" var2="0"/>
				<placement x="%snackbar_text_x%" y="%snackbar_text_y%"/>
				<text>{@mm_remove_hint}</text>
			</text>

			<button style="btn_dlg_hl">
				<condition var1="mmodule_remove" op="!=" var2="0"/>
				<condition var1="tw_reboot_system" var2="1"/>
				<placement x="%snackbar_button_x%" y="%snackbar_button_y%"/>
				<text>{@mm_remove_reboot}</text>
				<action function="set">tw_back=main</action>
				<action function="overlay">reboot</action>
			</button>

			<template name="gestures"/>

			<action>
				<touch key="home"/>
				<action function="page">main</action>
			</action>

			<action>
				<touch key="back"/>
				<action function="page">magisk</action>
			</action>
		</page>

		<page name="magisk_delete">
				<template name="base_ex"/>

				<text style="text_ab_title">
					<placement x="%col1_x_indent%" y="%ab_bc_y%"/>
					<text>Magisk Manager</text>
				</text>

				<text style="text_ab_title">
					<placement x="%col1_x_indent%" y="%row1_2_y%" placement="2"/>
					<text>{@fm_delete_btn}</text>
				</text>

				<text style="text_ab_subtitle">
					<placement x="%col1_x_indent%" y="%row1_2_y%"/>
					<text>%ft_mm_name%</text>
				</text>

				<text style="caption">
					<placement x="%center_x%" y="%slider_text_y%" placement="5"/>
					<text>{@swipe_delete}</text>
				</text>

				<slider style="slider_action">
					<placement x="%center_x%" y="%slider_y%" placement="5"/>
					<action function="ftls">touch "%mmgui_file%/remove" &amp;&amp; twrp xset mmodule_remove=1</action>
					<action function="page">magisk_actions</action>
				</slider>

				<template name="gestures"/>
			
				<action>
					<touch key="home"/>
					<action function="page">main</action>
				</action>

				<action>
					<touch key="back"/>
					<action function="page">magisk_actions</action>
				</action>
			</page>
	</pages>
</recovery>
