<?xml version="1.0"?>
<recovery>
	<pages>
		<page name="password_enter">
			<action>
				<condition var1="fox_pass_type" var2="1"/>
				<action function="page">password_enter_pattern</action>
			</action>

			<action>
				<condition var1="fox_pass_type" var2="2"/>
				<action function="page">password_enter_num</action>
			</action>
		
			<template name="page_enter_pass_txt"/>
			<template name="keyboardtemplate"/>
			<!-- <template name="navbar_bkg"/> -->
			<template name="navbar_home"/>

			<action>
				<touch key="home"/>
				<action function="page">password_enter</action>
			</action>

			<action>
				<touch key="back"/>
				<action function="page">password_enter</action>
			</action>
		</page>

		<page name="password_enter_num">			
			<template name="page_enter_pass_txt"/>
			<template name="keyboardnum"/>
			<!-- <template name="navbar_bkg"/> -->
			<template name="navbar_home"/>

			<action>
				<touch key="home"/>
				<action function="page">password_enter_num</action>
			</action>

			<action>
				<touch key="back"/>
				<action function="page">password_enter_num</action>
			</action>
		</page>
		
		<page name="password_enter_pattern">
			<template name="page_enter_pass"/>
			<template name="navbar_bkg"/>
			<template name="navbar_home"/>

			<patternpassword>
				<placement x="%pattern_x%" y="%row3_2a_y%" w="%pattern_size%" h="%pattern_size%"/>
				<data name="pass_enter"/>
				<size name="pass_pattern_grid" default="3"/>
				<action function="passwordcheck"/>
			</patternpassword>
			
			<button style="btn_flat_qw">
				<placement x="%btn_raised_left_x%" y="%row_btn1_y%"/>
				<text>3x3</text>
				<action function="set">pass_pattern_grid=3</action>
			</button>

			<button style="btn_flat_qw">
				<placement x="286" y="%row_btn1_y%"/>
				<text>4x4</text>
				<action function="set">pass_pattern_grid=4</action>
			</button>

			<button style="btn_flat_qw">
				<placement x="545" y="%row_btn1_y%"/>
				<text>5x5</text>
				<action function="set">pass_pattern_grid=5</action>
			</button>

			<button style="btn_flat_qw">
				<placement x="804" y="%row_btn1_y%"/>
				<text>6x6</text>
				<action function="set">pass_pattern_grid=6</action>
			</button>

			<action>
				<touch key="home"/>
				<action function="page">password_enter_pattern</action>
			</action>

			<action>
				<touch key="back"/>
				<action function="page">password_enter_pattern</action>
			</action>
		</page>

		<page name="password_check">
			<action>
				<condition var1="pass_enter_hash" var2="%fox_pass_true%"/>
				<condition var1="tw_has_mtp" var2="1"/>
				<condition var1="adb_startup" var2="1"/>
				<condition var1="tw_mtp_enabled" op="!=" var2="1"/>
				<action function="startmtp"/>
			</action>

			<action>
				<condition var1="pass_enter_hash" var2="%fox_pass_true%"/>
				<condition var1="fox_use_pass" op="!=" var2="1"/>
				<condition var1="adb_startup" var2="1"/>
				<action function="adb">enable</action>
			</action>
			
			<action>
				<condition var1="pass_enter_hash" var2="%fox_pass_true%"/>
				<action function="set">pass_open=1</action>
				<action function="page">main</action>
			</action>
			
			<action>
				<condition var1="pass_enter_hash" op="!=" var2="%fox_pass_true%"/>
				<action function="set">pass_not_match=1</action>
				<action function="page">password_enter</action>
			</action>
		</page>
		
		<page name="pass_pattern">
			<action>
				<action function="set">pass_pattern_grid=%pass_pattern_grid%</action>
			</action>
			
			<template name="base"/>

			<text style="text_ab_title">
				<placement x="%col1_x_indent%" y="%ab_bc_y%"/>
				<text>{@enter_password_restore}</text>
			</text>
			
			<image>
				<placement x="%col1_x%" y="%row1_1_y%"/>
				<image resource="icon_info"/>
			</image>

			<text style="text_body2_hl">
				<placement x="%col1_x_indent%" y="%row1_1_y%"/>
				<text>{@new_pass_info_1_gk}</text>
			</text>

			<text style="text_body2_hl">
				<placement x="%col1_x_indent%" y="%row1_2_y%"/>
				<text>{@new_pass_info_2}</text>
			</text>
				
			<text style="text_body2_hl">
				<placement x="%col1_x_indent%" y="%row1_3_y%"/>
				<text>{@new_pass_info_3}</text>
			</text>
				
			<text style="text_body2_hl">
				<condition var1="pass_notm" op="!=" var2="1"/>
				<placement x="%col1_x_indent%" y="%row2_1_y%"/>
				<text>{@new_pass_info_4_gk}</text>
			</text>
			
			<text style="text_body2_fail">
				<condition var1="pass_notm" var2="1"/>
				<placement x="%col1_x_indent%" y="%row2_1_y%"/>
				<text>{@pass_not_match}</text>
			</text>
			
			<patternpassword>
				<placement x="%pattern_x%" y="%row3_2a_y%" w="%pattern_size%" h="%pattern_size%"/>
				<data name="pass_new_1"/>
				<size name="pass_pattern_grid" default="3"/>
				<action function="page">pass_pattern_2</action>
			</patternpassword>

			<button style="btn_flat_qw">
				<placement x="%btn_raised_left_x%" y="%row_btn1_y%"/>
				<text>3x3</text>
				<action function="set">pass_pattern_grid=3</action>
			</button>

			<button style="btn_flat_qw">
				<placement x="286" y="%row_btn1_y%"/>
				<text>4x4</text>
				<action function="set">pass_pattern_grid=4</action>
			</button>

			<button style="btn_flat_qw">
				<placement x="545" y="%row_btn1_y%"/>
				<text>5x5</text>
				<action function="set">pass_pattern_grid=5</action>
			</button>

			<button style="btn_flat_qw">
				<placement x="804" y="%row_btn1_y%"/>
				<text>6x6</text>
				<action function="set">pass_pattern_grid=6</action>
			</button>

			<template name="gestures"/>

			<action>
				<touch key="home"/>
				<action function="page">main</action>
			</action>

			<action>
				<touch key="back"/>
				<action function="page">pass_select</action>
			</action>
		</page>
		
		<page name="pass_pattern_2">
			<action>
				<action function="set">pass_pattern_grid=%pass_pattern_grid%</action>
			</action>
			
			<template name="base"/>

			<text style="text_ab_title">
				<placement x="%col1_x_indent%" y="%ab_bc_y%"/>
				<text>{@enter_password_restore}</text>
			</text>
			
			<image>
				<placement x="%col1_x%" y="%row1_1_y%"/>
				<image resource="icon_info"/>
			</image>

			<text style="text_body2_hl">
				<placement x="%col1_x_indent%" y="%row1_1_y%"/>
				<text>{@new_pass_info_1_gk}</text>
			</text>

			<text style="text_body2_hl">
				<placement x="%col1_x_indent%" y="%row1_2_y%"/>
				<text>{@new_pass_info_2}</text>
			</text>
				
			<text style="text_body2_hl">
				<placement x="%col1_x_indent%" y="%row1_3_y%"/>
				<text>{@new_pass_info_3}</text>
			</text>
				
			<text style="text_body2_hl">
				<placement x="%col1_x_indent%" y="%row2_1_y%"/>
				<text>{@new_pass_info_4_2_gk}</text>
			</text>

			<patternpassword>
				<placement x="%pattern_x%" y="%row3_2a_y%" w="%pattern_size%" h="%pattern_size%"/>
				<data name="pass_new_2"/>
				<size name="pass_pattern_grid" default="3"/>
				<action function="set">fox_pass_type_tmp=1</action>
				<action function="set">checked_page=pass_pattern</action>
				<action function="page">pass_check</action>
			</patternpassword>

			<template name="gestures"/>

			<action>
				<touch key="home"/>
				<action function="page">main</action>
			</action>

			<action>
				<touch key="back"/>
				<action function="page">pass_select</action>
			</action>
		</page>

		<page name="pass_text">
			<template name="body_key"/>
			<template name="page_new_pass"/>
			
			<input>
				<placement x="%col1_x_caption%" y="%row3_1_y%" w="%input_w%" h="%input_height%"/>
				<text>%pass_new_1_mask%</text>
				<data name="pass_new_1" mask="*" maskvariable="pass_new_1_mask"/>
				<restrict minlen="0" maxlen="64" />
				<action function="set">pass_new_2=</action>
				<action function="page">pass_text_2</action>
			</input>

			<template name="gestures_key"/>
		</page>

		<page name="pass_text_2">
			<template name="body_key"/>
			<template name="page_new_pass_2"/>
			
			<input>
				<placement x="%col1_x_caption%" y="%row3_1_y%" w="%input_w%" h="%input_height%"/>
				<text>%pass_new_2_mask%</text>
				<data name="pass_new_2" mask="*" maskvariable="pass_new_2_mask"/>
				<restrict minlen="0" maxlen="64"/>
				<action function="set">checked_page=pass_text</action>
				<action function="set">fox_pass_type_tmp=0</action>
				<action function="page">pass_check</action>
			</input>

			<template name="gestures_key"/>
		</page>
		
		<page name="pass_pin">
			<template name="body_num"/>
			<template name="page_new_pass"/>
			
			<input>
				<placement x="%col1_x_caption%" y="%row3_1_y%" w="%input_w%" h="%input_height%"/>
				<text>%pass_new_1_mask%</text>
				<data name="pass_new_1" mask="*" maskvariable="pass_new_1_mask"/>
				<restrict minlen="0" maxlen="64" />
				<action function="set">pass_new_2=</action>
				<action function="page">pass_pin_2</action>
			</input>

			<template name="gestures_key"/>
		</page>

		<page name="pass_pin_2">
			<template name="body_num"/>
			<template name="page_new_pass_2"/>

			<input>
				<placement x="%col1_x_caption%" y="%row3_1_y%" w="%input_w%" h="%input_height%"/>
				<text>%pass_new_2_mask%</text>
				<data name="pass_new_2" mask="*" maskvariable="pass_new_2_mask"/>
				<restrict minlen="0" maxlen="64"/>
				<action function="set">checked_page=pass_pin</action>
				<action function="set">fox_pass_type_tmp=2</action>
				<action function="page">pass_check</action>
			</input>

			<template name="gestures_key"/>
		</page>

		<page name="pass_remove">
			<template name="dialog_body"/>

			<image>
				<image resource="snackbar"/>
				<placement x="0" y="%row_nav_y%" placement="2"/>
			</image>
			
			<text style="text_body1">
				<placement x="%snackbar_text_x%" y="%snackbar_text_y%"/>
				<text>{@backup_pass_wait}</text>
			</text>
		</page>

		<page name="pass_check">
			<template name="dialog_body"/>

			<image>
				<image resource="snackbar"/>
				<placement x="0" y="%row_nav_y%" placement="2"/>
			</image>
			
			<text style="text_body1">
				<placement x="%snackbar_text_x%" y="%snackbar_text_y%"/>
				<text>{@backup_pass_wait}</text>
			</text>

			<action>
				<condition var1="pass_new_2" var2="%pass_new_1%"/>
				<action function="set">fox_use_pass=1</action>
				<action function="set">pass_notm=0</action>
				<action function="set">pass_open=1</action>
				<action function="set">fox_pass_type=%fox_pass_type_tmp%</action>
				<action function="setpassword"/>
				<action function="set">of_reload_back=pass_select</action>
				<action function="reload"/>
			</action>

			<action>
				<condition var1="pass_new_2" op="!=" var2="%pass_new_1%"/>
				<action function="set">pass_notm=1</action>
				<action function="overlay"/>
				<action function="page">%checked_page%</action>
			</action>
		</page>
	</pages>
</recovery>