<?xml version="1.0"?>
<recovery>
	<pages>
		<page name="reboot">
			<background color="%power_bg%"/>
			<button>
				<fill color="%power_bg%"/>
				<placement x="0" y="0" w="%screen_w%" h="%screen_h%"/>
				<action function="key">back</action>
			</button>
			
			<template name="statusbarinfo"/>

			<!--action>
				<action function="set">bslots_show=%auto_show_btns%</action>
			</action-->
			
			<listbox style="btn_list">
				<condition var1="tw_busy" op="!=" var2="1"/>
				<background color="%power_bg%"/>
				<highlight color="%power_hl%"/>
				<font resource="Secondary" spacing="%fileselector_spacing%" color="%text%"/>
				<placement x="0" y="%row1_3a_y%" w="%screen_w%" h="%bl_h6%"/>
				<listitem name="{@rb_bootloader_btn}">
					<condition var1="tw_reboot_bootloader" var2="1"/>
					<icon res="reboot_bootloader"/>
					<action function="set">tw_action_param=bootloader</action>
					<action function="page">rebootcheckoverlay</action>
				</listitem>
				<listitem name="{@rb_download_btn}">
					<condition var1="tw_download_mode" var2="1"/>
					<icon res="reboot_bootloader"/>
					<action function="set">tw_action_param=download</action>
					<action function="page">rebootcheckoverlay</action>
				</listitem>
				<listitem name="{@fastboot_button}">
					<condition var1="tw_fastboot_mode" var2="1"/>
					<icon res="reboot_fastboot"/>
					<action function="set">tw_action_param=fastboot</action>
					<action function="page">rebootcheckoverlay</action>
				</listitem>
				<listitem name="EDL">
					<condition var1="tw_edl_mode" var2="1"/>
					<icon res="chip"/>
					<action function="set">tw_action_param=edl</action>
					<action function="page">rebootcheckoverlay</action>
				</listitem>
			</listbox>

		
			<text style="caption_hl">
				<condition var1="tw_has_boot_slots" var2="1"/>
				<placement x="%col1_x_caption%" y="%down_menu_btn2_caption_y%" placement="2"/>
				<text>{@slot_show}</text>
			</text>

			<listbox style="btn_list">
				<condition var1="tw_has_boot_slots" var2="1"/>
				<condition var1="tw_busy" op="!=" var2="1"/>
				<background color="%power_bg%"/>
				<highlight color="%power_hl%"/>
				<font resource="Secondary" spacing="%fileselector_spacing%" color="%text%"/>
				<placement x="0" y="%down_menu_btn2_y%" w="%screen_w%" h="%bl_h3%" />
				<listitem name="{@slot_switch_a}">
					<condition var1="tw_active_slot" var2="B"/>
					<icon res="a_off"/>
					<action function="set">tw_action_param=A</action>
					<action function="page">set_slot</action>
				</listitem>
				<listitem name="{@slot_active_a}">
					<condition var1="tw_active_slot" var2="A"/>
					<icon res="a_on"/>
				</listitem>
				<listitem name="{@slot_switch_b}">
					<condition var1="tw_has_boot_slots" var2="1"/>
					<condition var1="tw_active_slot" var2="A"/>
					<icon res="b_off"/>
					<action function="set">tw_action_param=B</action>
					<action function="page">set_slot</action>
				</listitem>
				<listitem name="{@slot_active_b}">
					<condition var1="tw_has_boot_slots" var2="1"/>
					<condition var1="tw_active_slot" var2="B"/>
					<icon res="b_on"/>
				</listitem>
			</listbox>

			<button style="power_card">
				<condition var1="tw_busy" op="!=" var2="1"/>
				<condition var1="tw_reboot_poweroff" var2="1"/>
				<placement x="42" y="%pc_y%" />
				<action function="set">tw_action_param=poweroff</action>
				<action function="page">rebootcheckoverlay</action>
			</button>
			<image>
				<condition var1="tw_busy" op="!=" var2="1"/>
				<condition var1="tw_reboot_poweroff" var2="1"/>
				<image resource="reboot_power"/>
				<placement x="204" y="%pc_icon_y%" placement="4"/>
			</image>
			<text style="text_power_card">
				<condition var1="tw_busy" op="!=" var2="1"/>
				<condition var1="tw_reboot_poweroff" var2="1"/>
				<placement x="204" y="%pc_text_y%" placement="5"/>
				<text>{@rb_poweroff_btn}</text>
			</text>

			<button style="power_card">
				<condition var1="tw_busy" op="!=" var2="1"/>
				<condition var1="tw_reboot_system" var2="1"/>
				<placement x="378" y="%pc_y%" />
				<action function="set">tw_action_param=system</action>
				<action function="page">rebootcheckoverlay</action>
			</button>
			<image>
				<condition var1="tw_busy" op="!=" var2="1"/>
				<condition var1="tw_reboot_system" var2="1"/>
				<image resource="reboot_sys"/>
				<placement x="540" y="%pc_icon_y%" placement="4"/>
			</image>
			<text style="text_power_card">
				<condition var1="tw_busy" op="!=" var2="1"/>
				<condition var1="tw_reboot_system" var2="1"/>
				<placement x="540" y="%pc_text_y%" placement="5"/>
				<text>{@rb_system_btn}</text>
			</text>

			<button style="power_card">
				<condition var1="tw_busy" op="!=" var2="1"/>
				<condition var1="tw_reboot_recovery" var2="1"/>
				<placement x="714" y="%pc_y%" />
				<action function="set">tw_action_param=recovery</action>
				<action function="page">rebootcheckoverlay</action>
			</button>
			<image>
				<condition var1="tw_busy" op="!=" var2="1"/>
				<condition var1="tw_reboot_recovery" var2="1"/>
				<image resource="reboot_recovery"/>
				<placement x="876" y="%pc_icon_y%" placement="4"/>
			</image>
			<text style="text_power_card">
				<condition var1="tw_busy" op="!=" var2="1"/>
				<condition var1="tw_reboot_recovery" var2="1"/>
				<placement x="876" y="%pc_text_y%" placement="5"/>
				<text>{@rb_recovery_btn}</text>
			</text>

			<image>
				<condition var1="tw_back" op="!=" var2="fastboot"/>
				<condition var1="tw_busy" op="!=" var2="1"/>
				<condition var1="tw_backup_system_size" op="&lt;" var2="%tw_min_system%"/>
				<placement x="%center_x%" y="%row_warn_y%" placement="4"/>
				<image resource="icon_warning"/>
			</image>

			<text style="text_body2_fail">
				<condition var1="tw_back" op="!=" var2="fastboot"/>
				<condition var1="tw_busy" op="!=" var2="1"/>
				<condition var1="tw_backup_system_size" op="&lt;" var2="%tw_min_system%"/>
				<placement x="%center_x%" y="%row_warn2_y%" placement="5"/>
				<text>{@no_os_subtitle}</text>
			</text>

			<image>
				<condition var1="tw_busy" var2="1"/>
				<placement x="%center_x%" y="%warn_center_y%" placement="4"/>
				<image resource="icon_warning"/>
			</image>

			<text style="text_body2_fail">
				<condition var1="tw_busy" var2="1"/>
				<placement x="%center_x%" y="%warn_center2_y%" placement="4"/>
				<text>{@recovery_busy}</text>
			</text>

			<template name="keys"/>
			<template name="navbar"/>
			<template name="gestures"/>

			<action>
				<touch key="home"/>
				<action function="overlay"/>
			</action>

			<action>
				<touch key="back"/>
				<action function="overlay"/>
			</action>
		</page>

		<page name="set_slot">
			<action>
				<action function="overlay"/>
				<action function="set">tw_action=setbootslot</action>
				<action function="set">tw_has_action2=0</action>
				<action function="set">tw_action_text1={@changing_boot_slot}</action>
				<action function="set">tw_action_text2=%tw_action_param%</action>
				<action function="set">tw_complete_text1={@changing_boot_slot_complete}</action>
				<action function="page">action_page</action>
			</action>
		</page>
	</pages>
</recovery>