<?xml version="1.0"?>
<!-- 
	OrangeFox Splash by OrangeFox Team
    Background logo idea by KMP design
-->
<recovery>
	<details>
		<resolution width="1080" />
		<themeversion>3</themeversion>
	</details>
	
	<resources>
		<image name="splash_logo_w" filename="Splash/logo_w" retainaspect="1"/>
		<image name="splash_bg" filename="Splash/original" retainaspect="1"/>
		<font name="of" filename="EuclidFlex-Medium.ttf" size="64"/>
		<font name="recovery" filename="EuclidFlex-Regular.ttf" size="52"/>
	</resources>

	<variables>
		<variable name="of" value="%screen_h%-400"/>
		<variable name="rec" value="%screen_h%-320"/>
	</variables>

	<pages>
		<page name="splash">
			<background color="#D34E38"/>
			<fill color="#FF8038">
				<placement x="0" y="0" w="1080" h="%center_y%"/>
			</fill>
			<image>
				<image resource="splash_bg"/>
				<placement x="540" y="%center_y%" placement="4"/>
			</image>
			<image>
				<image resource="splash_logo_w"/>
				<placement x="540" y="%center_y%" placement="4"/>
			</image>

			<text style="menu_text">
				<placement x="540" y="%of%" placement="4"/>
				<font resource="of" color="#ffffff"/>
				<text>OrangeFox</text>
			</text>
			<text style="menu_text">
				<placement x="540" y="%rec%" placement="4"/>
				<font resource="recovery" color="#ffffff"/>
				<text>Recovery</text>
			</text>
		</page>
	</pages>
</recovery>
