<?xml version="1.0"?>
<recovery>

	<mousecursor>
		<placement w="0" h="0"/>
		<background color="#FFFFFF00"/>
		<speed multiplier="2.5"/>
	</mousecursor>
	
	<resources>
		<!-- NavPanel -->
		<image name="nav_menu_d" filename="Default/NavPanel/menu_d" retainaspect="1"/>
		<image name="nav_wipe_d" filename="Default/NavPanel/wipe_d" retainaspect="1"/>
		<image name="nav_files_d" filename="Default/NavPanel/files_d" retainaspect="1"/>
		<image name="nav_backup_d" filename="Default/NavPanel/backup_d" retainaspect="1"/>
		<image name="nav_empty" filename="Default/NavPanel/empty"/>
		<image name="nav_hl" filename="Default/NavPanel/hl"/>
		<image name="nav_shadow" filename="Default/NavPanel/shadow" retainaspect="1"/>
		
		<image name="actionbar_shadow" filename="Default/ActionBar/shadow"/>
		<image name="actionbar_btn" filename="Default/ActionBar/actionbar_btn" retainaspect="1"/>
		<image name="actionbar_btn_hl" filename="Default/ActionBar/actionbar_btn_hl" retainaspect="1"/>
		
		<image name="fab_shadow" filename="Default/FAB/fab_shadow" retainaspect="1"/>
		
		<!-- Fonts Preview -->
		<font name="font1" filename="Roboto-Regular.ttf" size="42"/>
		<font name="font2" filename="RobotoSlab.ttf" size="42"/>
		<font name="font3" filename="GoogleSans-Regular.ttf" size="42"/>
		<font name="font4" filename="EuclidFlex-Regular.ttf" size="42"/>
		<font name="font5" filename="Chococooky.ttf" size="42"/>
		<font name="font6" filename="FiraCode-Regular.ttf" size="42"/>
		<font name="font7" filename="Exo2-Regular.ttf" size="42"/>
		<font name="font8" filename="MILanPro-Regular.ttf" size="42"/>
		<font name="font9" filename="Amatic.ttf" size="42"/>
		
		<font name="orangefont" filename="EuclidFlex-Regular.ttf" size="42"/>
		<font name="about" filename="EuclidFlex-Medium.ttf" size="58"/>
		
		<!-- Splash Preview -->
		<image name="splash_user" filename="Splash/user" retainaspect="1"/>
		<image name="splash_bg" filename="Splash/original" retainaspect="1"/>
		<image name="splash_logo_d" filename="Splash/logo_d" retainaspect="1"/>
		<image name="splash_logo_o" filename="Splash/logo_o" retainaspect="1"/>
		<image name="splash_logo_w" filename="Splash/logo_w" retainaspect="1"/>
		
		<!-- Workshop -->
		<image name="style_gray" filename="Default/Workshop/StyleGray" retainaspect="1"/>
		<image name="style_black" filename="Default/Workshop/StyleBlack" retainaspect="1"/>
		<image name="style_night" filename="Default/Workshop/StyleNight" retainaspect="1"/>
		<image name="style_light" filename="Default/Workshop/StyleLight" retainaspect="1"/>
		
		<image name="style_apply" filename="Default/Workshop/style_apply" retainaspect="1"/>
		<image name="style_apply_black" filename="Default/Workshop/style_apply_black" retainaspect="1"/>
		<image name="style_shadow" filename="Default/Workshop/style_shadow" retainaspect="1"/>
	
		<font name="fixed" filename="FiraCode-Regular.ttf" size="29"/>
		<!-- Battery -->
		<image name="battery15" filename="Default/Battery/battery15" retainaspect="1"/>
		<image name="battery5" filename="Default/Battery/battery5" retainaspect="1"/>
		<image name="battery_low_p" filename="Default/Battery/battery_low_p" retainaspect="1"/>
		
		<!-- Controls -->
		<image name="btn_raised_warn" filename="Default/Controls/btn_raised_warn"/>
		<image name="checkbox_false" filename="Default/Controls/checkbox_false_d" retainaspect="1"/>
		<image name="radio_false" filename="Default/Controls/radio_false_d" retainaspect="1"/>
		
		<!-- Icons -->
		<image name="bs_btn_open" filename="Default/Icons/bs_btn_open" retainaspect="1"/>
		<image name="bs_btn_checksum" filename="Default/Icons/bs_btn_checksum" retainaspect="1"/>
		<image name="bs_btn_doc" filename="Default/Icons/bs_btn_doc" retainaspect="1"/>
		<image name="bs_btn_archive" filename="Default/Icons/bs_btn_archive" retainaspect="1"/>
		<image name="bs_btn_unzip" filename="Default/Icons/bs_btn_unzip" retainaspect="1"/>
		<image name="bs_btn_image" filename="Default/Icons/bs_btn_image" retainaspect="1"/>
		<image name="bs_btn_restore" filename="Default/Icons/bs_btn_restore" retainaspect="1"/>
		<image name="bs_btn_time" filename="Default/Icons/bs_btn_time" retainaspect="1"/>
		<image name="bs_btn_new" filename="Default/Icons/bs_btn_new" retainaspect="1"/>
		<image name="bs_btn_wut" filename="Default/Icons/bs_btn_wut" retainaspect="1"/>
		<image name="bs_btn_bookmark" filename="Default/Icons/bs_btn_bookmark" retainaspect="1"/>
		<image name="bs_btn_set_global" filename="Default/Icons/bs_btn_set_global" retainaspect="1"/>
		<image name="bs_btn_set_regional" filename="Default/Icons/bs_btn_set_regional" retainaspect="1"/>
		<image name="bs_btn_set_about" filename="Default/Icons/bs_btn_set_about" retainaspect="1"/>
		<image name="bs_btn_set_custom" filename="Default/Icons/bs_btn_set_custom" retainaspect="1"/>
		<image name="bs_btn_set_vibro" filename="Default/Icons/bs_btn_set_vibro" retainaspect="1"/>
		<image name="bs_btn_set_screen" filename="Default/Icons/bs_btn_set_screen" retainaspect="1"/>
		<image name="bs_btn_set_ota" filename="Default/Icons/bs_btn_set_ota" retainaspect="1"/>
		<image name="bs_btn_set_secure" filename="Default/Icons/bs_btn_set_secure" retainaspect="1"/>
		<image name="bs_btn_copy" filename="Default/Icons/bs_btn_copy" retainaspect="1"/>
		<image name="bs_btn_cut" filename="Default/Icons/bs_btn_cut" retainaspect="1"/>
		<image name="bs_btn_chmod" filename="Default/Icons/bs_btn_chmod" retainaspect="1"/>
		<image name="bs_btn_delete" filename="Default/Icons/bs_btn_delete" retainaspect="1"/>
		<image name="bs_btn_rename" filename="Default/Icons/rename" retainaspect="1"/>
		<image name="reboot_bootloader" filename="Default/Icons/reboot_bootloader" retainaspect="1"/>
		<image name="reboot_fastboot" filename="Default/Icons/reboot_fastboot" retainaspect="1"/>
		<image name="pass_classic" filename="Default/Icons/pass_classic" retainaspect="1"/>
		<image name="pass_gesture" filename="Default/Icons/pass_gesture" retainaspect="1"/>
		<image name="bs_btn_link" filename="Default/Icons/link" retainaspect="1"/>
		<image name="help" filename="Default/Icons/help" retainaspect="1"/>
		<image name="otg" filename="Default/Icons/otg" retainaspect="1"/>
		<image name="device" filename="Default/Icons/device" retainaspect="1"/>
		<image name="sdcard" filename="Default/Icons/sdcard" retainaspect="1"/>
		<image name="batch" filename="Default/Icons/batch" retainaspect="1"/>
		<image name="edit" filename="Default/Icons/edit" retainaspect="1"/>
		
		<!-- Info -->
		<image name="icon_warning" filename="Default/Info/icon_warning" retainaspect="1"/>
		<image name="db_hl" filename="Default/Dialog/db_hl"/>
		<image name="db_empty" filename="Default/Dialog/db"/>
		
		<!-- Keyboard -->
		<image name="backspace" filename="Default/Keyboard/backspace" retainaspect="1"/>
		<image name="shift" filename="Default/Keyboard/shift" retainaspect="1"/>
		<image name="shift_fill" filename="Default/Keyboard/shift_fill" retainaspect="1"/>
		<image name="space" filename="Default/Keyboard/space" retainaspect="1"/>
		<image name="keyboard_shadow" filename="Default/Keyboard/keyboard_shadow"/>
		<image name="kb_arrow_left" filename="Default/Keyboard/kb_arrow_left" retainaspect="1"/>
		<image name="kb_arrow_right" filename="Default/Keyboard/kb_arrow_right" retainaspect="1"/>
		<image name="kb_arrow_up" filename="Default/Keyboard/kb_arrow_up" retainaspect="1"/>
		<image name="kb_arrow_down" filename="Default/Keyboard/kb_arrow_down" retainaspect="1"/>
		
		<!-- Nav Bar -->
		<image name="home_white" filename="Default/NavBar/home" retainaspect="1"/>
		<image name="back_white" filename="Default/NavBar/back" retainaspect="1"/>
		<image name="slideout_white" filename="Default/NavBar/slideout" retainaspect="1"/>
		<image name="keyboard_hide_white" filename="Default/NavBar/keyboard_hide" retainaspect="1"/>
		<image name="home_white_ng" filename="Default/NavBar/home_ng" retainaspect="1"/>
		<image name="back_white_ng" filename="Default/NavBar/back_ng" retainaspect="1"/>
		<image name="slideout_white_ng" filename="Default/NavBar/slideout_ng" retainaspect="1"/>
		<image name="keyboard_hide_white_ng" filename="Default/NavBar/keyboard_hide_ng" retainaspect="1"/>
		<image name="back_white_key_pie" filename="Default/NavBar/back_key_pie" retainaspect="1"/>
		<image name="back_white_pie" filename="Default/NavBar/back_pie" retainaspect="1"/>
		<image name="home_white_pie" filename="Default/NavBar/home_pie" retainaspect="1"/>
		<image name="slideout_white_key_pie" filename="Default/NavBar/slideout_key_pie" retainaspect="1"/>
		
		<image name="home_dark" filename="Default/NavBar/Light/home" retainaspect="1"/>
		<image name="back_dark" filename="Default/NavBar/Light/back" retainaspect="1"/>
		<image name="slideout_dark" filename="Default/NavBar/Light/slideout" retainaspect="1"/>
		<image name="keyboard_hide_dark" filename="Default/NavBar/Light/keyboard_hide" retainaspect="1"/>
		<image name="home_dark_ng" filename="Default/NavBar/Light/home_ng" retainaspect="1"/>
		<image name="back_dark_ng" filename="Default/NavBar/Light/back_ng" retainaspect="1"/>
		<image name="slideout_dark_ng" filename="Default/NavBar/Light/slideout_ng" retainaspect="1"/>
		<image name="keyboard_hide_dark_ng" filename="Default/NavBar/Light/keyboard_hide_ng" retainaspect="1"/>
		<image name="back_dark_key_pie" filename="Default/NavBar/Light/back_key_pie" retainaspect="1"/>
		<image name="back_dark_pie" filename="Default/NavBar/Light/back_pie" retainaspect="1"/>
		<image name="home_dark_pie" filename="Default/NavBar/Light/home_pie" retainaspect="1"/>
		<image name="slideout_dark_key_pie" filename="Default/NavBar/Light/slideout_key_pie" retainaspect="1"/>
		
		<image name="quick_arrow_black" filename="Default/Controls/qa_arrow" retainaspect="1"/>
		
		<image name="nb_btn" filename="Default/NavBar/btn" retainaspect="1"/>
		<image name="nb_btn_hl" filename="Default/NavBar/btn_hl" retainaspect="1"/>

		<!-- Pdoor icons -->
		<image name="bs_adv_term" filename="Default/Icons/term" retainaspect="1"/>
		<image name="bs_adv_se" filename="Default/Icons/se" retainaspect="1"/>
		<image name="maintainer" filename="Default/Icons/maintainer" retainaspect="1"/>
		<image name="bs_adv_mount" filename="Default/Icons/mount" retainaspect="1"/>
		<image name="bs_adv_reboot" filename="Default/Icons/reboot" retainaspect="1"/>
		<image name="bs_adv_log" filename="Default/Icons/log" retainaspect="1"/>
		<image name="bs_adv_adb" filename="Default/Icons/adb" retainaspect="1"/>
		<image name="bs_adv_frp" filename="Default/Icons/frp" retainaspect="1"/>
		<image name="bs_adv_aroma" filename="Default/Icons/aroma" retainaspect="1"/>
		<image name="utils" filename="Default/Icons/utils" retainaspect="1"/>
		<image name="hide" filename="Default/Icons/hide" retainaspect="1"/>
		<image name="info" filename="Default/Icons/info" retainaspect="1"/>
		<image name="bs_btn_backup" filename="Default/Icons/backup" retainaspect="1"/>
		<image name="nav" filename="Default/Icons/nav" retainaspect="1"/>
		<image name="statusbar" filename="Default/Icons/statusbar" retainaspect="1"/>
		<image name="keyboard" filename="Default/Icons/keyboard" retainaspect="1"/>
		<image name="lockscreen" filename="Default/Icons/lockscreen" retainaspect="1"/>
		<image name="ws_font" filename="Default/Icons/ws_font" retainaspect="1"/>
		<image name="invert" filename="Default/Icons/invert" retainaspect="1"/>
		<image name="magisk" filename="Default/Icons/magisk" retainaspect="1"/>
		<image name="subs" filename="Default/Icons/subs" retainaspect="1"/>
		<image name="dialpad" filename="Default/Icons/dialpad" retainaspect="1"/>
		<image name="boot_splash" filename="Default/Icons/boot_splash" retainaspect="1"/>
		<image name="harddisk" filename="Default/Icons/harddisk" retainaspect="1"/>
		<image name="apps" filename="Default/Icons/apps" retainaspect="1"/>
		<image name="chip" filename="Default/Icons/chip" retainaspect="1"/>
		<image name="plus" filename="Default/Icons/plus" retainaspect="1"/>
		<image name="b_off" filename="Default/Icons/b_off" retainaspect="1"/>
		<image name="a_off" filename="Default/Icons/a_off" retainaspect="1"/>
		<image name="b_on" filename="Default/Icons/b_on" retainaspect="1"/>
		<image name="a_on" filename="Default/Icons/a_on" retainaspect="1"/>
		<image name="gestures" filename="Default/Icons/gestures" retainaspect="1"/>
		<image name="add_image" filename="Default/Icons/image" retainaspect="1"/>
		<image name="image_off" filename="Default/Icons/image_off" retainaspect="1"/>
		<image name="logo_icon" filename="Default/Icons/logo" retainaspect="1"/>
		<image name="user" filename="Default/Icons/user" retainaspect="1"/>
		
		<!-- Other -->
		<image name="actionbar_show" filename="Default/Other/show" retainaspect="1"/>
		<image name="actionbar_clear" filename="Default/Other/actionbar_clear" retainaspect="1"/>
		<image name="empty_folder" filename="Default/FullscreenIcons/empty_folder" retainaspect="1"/>
		<image name="fox_lock" filename="Default/FullscreenIcons/fox_lock" retainaspect="1"/>
		<image name="empty_box" filename="Default/FullscreenIcons/box" retainaspect="1"/>
		<image name="actionbar_w_back" filename="Default/ActionBar/back" retainaspect="1"/>
		
		<!-- About -->
		<image name="logo_big" filename="Default/About/logo" retainaspect="1"/>
		<image name="card" filename="Default/About/card" retainaspect="1"/>
		<image name="author_fd" filename="Default/About/author_fd" retainaspect="1"/>
		<image name="author_yan" filename="Default/About/author_yan" retainaspect="1"/>
		<image name="author_jabba" filename="Default/About/author_jabba" retainaspect="1"/>
		<image name="maintainer_img" filename="Default/About/maintainer" retainaspect="1"/>
		<image name="maintainer_layer" filename="Default/About/maintainer_layer" retainaspect="1"/>
	</resources>
</recovery>
